datetime,open,close,high,low,volume,成交额,振幅,涨跌幅,涨跌额,换手率
2021-07-23,0.977,0.961,0.978,0.956,303394,29199789.0,2.24,-2.34,-0.023,0.67
2021-07-26,0.97,0.92,0.97,0.914,169202,15751382.0,5.83,-4.27,-0.041,0.38
2021-07-27,0.93,0.91,0.93,0.903,112965,10303334.0,2.93,-1.09,-0.01,0.25
2021-07-28,0.91,0.878,0.91,0.876,133996,11865715.0,3.74,-3.52,-0.032,0.3
2021-07-29,0.878,0.871,0.886,0.87,94035,8233531.0,1.82,-0.8,-0.007,0.21
2021-07-30,0.868,0.838,0.868,0.836,142050,11980851.0,3.67,-3.79,-0.033,0.32
2021-08-02,0.8,0.84,0.846,0.8,134599,11119917.0,5.49,0.24,0.002,0.3
2021-08-03,0.833,0.855,0.862,0.833,80343,6845856.0,3.45,1.79,0.015,0.18
2021-08-04,0.857,0.848,0.857,0.841,56308,4765092.0,1.87,-0.82,-0.007,0.13
2021-08-05,0.845,0.851,0.864,0.84,39829,3401208.0,2.83,0.35,0.003,0.09
2021-08-06,0.854,0.843,0.854,0.838,27794,2341609.0,1.88,-0.94,-0.008,0.06
2021-08-09,0.843,0.873,0.876,0.841,103181,8961194.0,4.15,3.56,0.03,0.23
2021-08-10,0.87,0.881,0.882,0.86,49948,4344783.0,2.52,0.92,0.008,0.11
2021-08-11,0.882,0.88,0.887,0.877,49596,4374391.0,1.14,-0.11,-0.001,0.11
2021-08-12,0.881,0.871,0.882,0.87,27697,2425200.0,1.36,-1.02,-0.009,0.06
2021-08-13,0.875,0.874,0.879,0.868,48099,4190985.0,1.26,0.34,0.003,0.11
2021-08-16,0.874,0.898,0.903,0.874,122589,10962267.0,3.32,2.75,0.024,0.27
2021-08-17,0.889,0.9,0.917,0.889,174441,15809581.0,3.12,0.22,0.002,0.39
2021-08-18,0.899,0.908,0.915,0.891,125382,11332459.0,2.67,0.89,0.008,0.28
2021-08-19,0.908,0.9,0.908,0.886,94821,8493729.0,2.42,-0.88,-0.008,0.21
2021-08-20,0.888,0.892,0.898,0.883,103446,9198930.0,1.67,-0.89,-0.008,0.23
2021-08-23,0.891,0.901,0.909,0.888,101382,9140945.0,2.35,1.01,0.009,0.23
2021-08-24,0.9,0.91,0.911,0.898,100387,9092703.0,1.44,1.0,0.009,0.22
2021-08-25,0.919,0.928,0.935,0.909,223016,20704296.0,2.86,1.98,0.018,0.5
2021-08-26,0.925,0.933,0.938,0.911,174855,16174653.0,2.91,0.54,0.005,0.39
2021-08-27,0.933,0.922,0.934,0.919,171581,15849357.0,1.61,-1.18,-0.011,0.38
2021-08-30,0.922,0.925,0.927,0.916,134759,12408902.0,1.19,0.33,0.003,0.3
2021-08-31,0.926,0.929,0.931,0.914,142542,13152378.0,1.84,0.43,0.004,0.32
2021-09-01,0.927,0.951,0.958,0.924,211333,20017202.0,3.66,2.37,0.022,0.47
2021-09-02,0.959,0.948,0.961,0.94,178865,16970883.0,2.21,-0.32,-0.003,0.4
2021-09-03,0.945,0.978,0.98,0.934,369485,35622083.0,4.85,3.16,0.03,0.82
2021-09-06,0.982,0.984,0.989,0.965,307654,30151911.0,2.45,0.61,0.006,0.68
2021-09-07,0.988,0.993,0.993,0.982,265779,26241660.0,1.12,0.91,0.009,0.59
2021-09-08,0.993,0.995,0.999,0.985,217261,21557276.0,1.41,0.2,0.002,0.48
2021-09-09,0.996,0.994,0.999,0.987,198169,19666680.0,1.21,-0.1,-0.001,0.44
2021-09-10,0.999,1.01,1.027,0.996,534697,54272424.0,3.12,1.61,0.016,1.19
2021-09-13,0.999,0.966,0.999,0.96,515040,49929654.0,3.86,-4.36,-0.044,1.15
2021-09-14,0.956,0.949,0.967,0.943,352880,33715549.0,2.48,-1.76,-0.017,0.78
2021-09-15,0.941,0.926,0.945,0.921,286683,26645137.0,2.53,-2.42,-0.023,0.64
2021-09-16,0.916,0.926,0.937,0.916,251944,23372405.0,2.27,0.0,0.0,0.56
2021-09-17,0.925,0.935,0.938,0.912,311330,28747004.0,2.81,0.97,0.009,0.69
2021-09-22,0.922,0.918,0.927,0.906,277958,25449826.0,2.25,-1.82,-0.017,0.62
2021-09-23,0.918,0.927,0.929,0.917,215650,19953548.0,1.31,0.98,0.009,0.48
2021-09-24,0.929,0.938,0.942,0.925,361788,33828887.0,1.83,1.19,0.011,0.8
2021-09-27,0.938,0.937,0.948,0.93,276827,26022418.0,1.92,-0.11,-0.001,0.62
2021-09-28,0.934,0.938,0.942,0.919,150946,14070274.0,2.45,0.11,0.001,0.34
2021-09-29,0.935,0.928,0.935,0.921,157333,14573191.0,1.49,-1.07,-0.01,0.35
2021-09-30,0.927,0.938,0.942,0.927,230823,21598526.0,1.62,1.08,0.01,0.51
2021-10-08,0.95,0.974,0.988,0.95,463730,45254947.0,4.05,3.84,0.036,1.03
2021-10-11,0.966,0.985,0.988,0.966,192378,18875660.0,2.26,1.13,0.011,0.43
2021-10-12,0.984,0.986,0.996,0.977,202708,19990848.0,1.93,0.1,0.001,0.45
2021-10-13,0.986,1.005,1.007,0.98,265279,26419889.0,2.74,1.93,0.019,0.59
2021-10-14,1.005,1.026,1.039,0.999,644236,66202833.0,3.98,2.09,0.021,1.43
2021-10-15,1.025,1.024,1.035,1.017,272100,27861345.0,1.75,-0.19,-0.002,0.6
2021-10-18,1.015,1.003,1.015,0.996,346611,34837722.0,1.86,-2.05,-0.021,0.77
2021-10-19,0.989,0.993,1.001,0.986,262581,26047537.0,1.5,-1.0,-0.01,0.58
2021-10-20,0.988,0.985,0.998,0.968,243989,23866049.0,3.02,-0.81,-0.008,0.54
2021-10-21,0.979,0.981,0.989,0.971,193751,18974352.0,1.83,-0.41,-0.004,0.43
2021-10-22,0.985,0.982,0.989,0.975,122497,12030308.0,1.43,0.1,0.001,0.27
2021-10-25,0.963,0.975,0.975,0.95,212196,20468788.0,2.55,-0.71,-0.007,0.47
2021-10-26,0.97,0.975,0.987,0.97,160200,15678740.0,1.74,0.0,0.0,0.36
2021-10-27,0.973,0.969,0.98,0.966,101905,9907412.0,1.44,-0.62,-0.006,0.23
2021-10-28,0.965,0.974,0.983,0.965,165355,16152405.0,1.86,0.52,0.005,0.37
2021-10-29,0.97,0.994,0.999,0.969,287281,28264852.0,3.08,2.05,0.02,0.64
2021-11-01,0.988,0.964,0.988,0.945,283884,27210118.0,4.33,-3.02,-0.03,0.63
2021-11-02,0.963,0.94,0.963,0.93,235087,22265989.0,3.42,-2.49,-0.024,0.52
2021-11-03,0.934,0.944,0.95,0.934,117826,11133522.0,1.7,0.43,0.004,0.26
2021-11-04,0.944,0.948,0.95,0.938,140639,13292826.0,1.27,0.42,0.004,0.31
2021-11-05,0.938,0.943,0.95,0.938,117862,11122614.0,1.27,-0.53,-0.005,0.26
2021-11-08,0.96,0.992,1.008,0.96,461912,45789527.0,5.09,5.2,0.049,1.03
2021-11-09,0.981,0.99,0.994,0.976,191806,18904306.0,1.81,-0.2,-0.002,0.43
2021-11-10,0.989,0.985,0.989,0.966,216980,21172560.0,2.32,-0.51,-0.005,0.48
2021-11-11,0.986,0.993,0.995,0.979,196278,19403949.0,1.62,0.81,0.008,0.44
2021-11-12,0.995,1.006,1.008,0.985,246204,24579861.0,2.32,1.31,0.013,0.55
2021-11-15,1.006,1.012,1.015,0.99,270574,27089034.0,2.49,0.6,0.006,0.6
2021-11-16,1.016,1.005,1.017,1.002,258289,26065150.0,1.48,-0.69,-0.007,0.57
2021-11-17,1.0,1.003,1.017,0.999,263224,26522378.0,1.79,-0.2,-0.002,0.59
2021-11-18,0.999,0.987,1.003,0.984,272012,26969822.0,1.89,-1.6,-0.016,0.6
2021-11-19,0.987,0.986,0.989,0.977,176994,17382879.0,1.22,-0.1,-0.001,0.39
2021-11-22,0.981,0.987,0.987,0.978,248420,24414979.0,0.91,0.1,0.001,0.55
2021-11-23,0.998,0.978,0.999,0.975,393305,38691534.0,2.43,-0.91,-0.009,0.87
2021-11-24,0.971,0.976,0.978,0.965,245900,23879974.0,1.33,-0.2,-0.002,0.55
2021-11-25,0.975,0.969,0.977,0.967,262885,25567822.0,1.02,-0.72,-0.007,0.58
2021-11-26,0.962,0.953,0.962,0.946,406339,38606301.0,1.65,-1.65,-0.016,0.9
2021-11-29,0.931,0.92,0.931,0.904,525463,48346251.0,2.83,-3.46,-0.033,1.17
2021-11-30,0.92,0.915,0.925,0.911,292491,26894571.0,1.52,-0.54,-0.005,0.65
2021-12-01,0.92,0.925,0.925,0.909,339888,31211130.0,1.75,1.09,0.01,0.76
2021-12-02,0.925,0.916,0.926,0.914,329071,30282621.0,1.3,-0.97,-0.009,0.73
2021-12-03,0.923,0.93,0.93,0.918,336535,31042147.0,1.31,1.53,0.014,0.75
2021-12-06,0.925,0.927,0.93,0.921,288760,26749724.0,0.97,-0.32,-0.003,0.64
2021-12-07,0.94,0.953,0.956,0.933,519147,49199546.0,2.48,2.8,0.026,1.15
2021-12-08,0.952,0.954,0.955,0.941,379073,35989907.0,1.47,0.1,0.001,0.84
2021-12-09,0.957,0.974,0.977,0.957,518458,50264045.0,2.1,2.1,0.02,1.15
2021-12-10,0.966,0.967,0.972,0.964,325650,31513782.0,0.82,-0.72,-0.007,0.72
2021-12-13,0.966,0.96,0.966,0.956,378082,36300955.0,1.03,-0.72,-0.007,0.84
2021-12-14,0.95,0.953,0.954,0.946,404163,38316216.0,0.83,-0.73,-0.007,0.9
2021-12-15,0.953,0.942,0.953,0.942,297334,28156566.0,1.15,-1.15,-0.011,0.66
2021-12-16,0.942,0.956,0.956,0.937,333090,31461484.0,2.02,1.49,0.014,0.74
2021-12-17,0.954,0.94,0.955,0.936,326229,30723608.0,1.99,-1.67,-0.016,0.73
2021-12-20,0.931,0.926,0.937,0.925,352882,32890651.0,1.28,-1.49,-0.014,0.78
2021-12-21,0.929,0.954,0.954,0.928,489337,46366703.0,2.81,3.02,0.028,1.09
2021-12-22,0.958,0.962,0.972,0.958,463551,44784782.0,1.47,0.84,0.008,1.03
2021-12-23,0.956,0.95,0.966,0.946,335255,32017836.0,2.08,-1.25,-0.012,0.75
2021-12-24,0.95,0.97,0.97,0.943,451910,43032221.0,2.84,2.11,0.02,1.0
2021-12-27,0.961,0.984,0.984,0.958,403828,39327042.0,2.68,1.44,0.014,0.9
2021-12-28,0.982,0.979,0.984,0.975,364326,35714769.0,0.91,-0.51,-0.005,0.81
2021-12-29,0.98,0.993,1.004,0.979,1564710,155344573.0,2.55,1.43,0.014,3.48
2021-12-30,0.984,1.0,1.002,0.984,440157,43710258.0,1.81,0.7,0.007,0.98
2021-12-31,1.0,1.003,1.006,0.996,515675,51598963.0,1.0,0.3,0.003,1.15
2022-01-04,1.005,1.03,1.037,0.998,1576963,161721240.0,3.89,2.69,0.027,3.51
2022-01-05,1.03,1.033,1.045,1.026,682479,70737623.0,1.84,0.29,0.003,1.52
2022-01-06,1.017,1.023,1.03,1.014,1047743,107418828.0,1.55,-0.97,-0.01,2.33
2022-01-07,1.02,1.02,1.035,1.015,455985,46843499.0,1.96,-0.29,-0.003,1.01
2022-01-10,1.013,1.024,1.027,0.989,555259,56076854.0,3.73,0.39,0.004,1.23
2022-01-11,1.02,1.016,1.029,1.014,517861,52878949.0,1.46,-0.78,-0.008,1.15
2022-01-12,1.01,1.04,1.044,1.01,1522653,158162272.0,3.35,2.36,0.024,3.39
2022-01-13,1.04,1.029,1.044,1.028,1423678,147434750.0,1.54,-1.06,-0.011,3.17
2022-01-14,1.02,1.009,1.029,1.006,1446691,146458349.0,2.24,-1.94,-0.02,3.22
2022-01-17,1.01,1.003,1.01,0.995,1881905,188953619.0,1.49,-0.59,-0.006,4.18
2022-01-18,1.002,1.013,1.014,0.992,545533,54527761.0,2.19,1.0,0.01,1.21
2022-01-19,1.008,1.018,1.029,1.004,948677,96703884.0,2.47,0.49,0.005,2.11
2022-01-20,1.018,1.038,1.044,1.016,706348,73095452.0,2.75,1.96,0.02,1.57
2022-01-21,1.061,1.05,1.077,1.05,1063383,112845059.0,2.6,1.16,0.012,2.36
2022-01-24,1.044,1.057,1.075,1.042,791344,83872385.0,3.14,0.67,0.007,1.76
2022-01-25,1.042,1.063,1.087,1.042,903036,96700030.0,4.26,0.57,0.006,2.01
2022-01-26,1.053,1.039,1.062,1.03,1620042,169195104.0,3.01,-2.26,-0.024,3.6
2022-01-27,1.03,1.015,1.04,1.014,584865,60095223.0,2.5,-2.31,-0.024,1.3
2022-01-28,1.013,1.048,1.053,1.013,719018,74177418.0,3.94,3.25,0.033,1.6
2022-02-07,1.049,1.041,1.049,1.014,823815,85170644.0,3.34,-0.67,-0.007,1.83
2022-02-08,1.03,1.076,1.077,1.03,995574,105931994.0,4.51,3.36,0.035,2.21
2022-02-09,1.069,1.092,1.096,1.066,873567,94484021.0,2.79,1.49,0.016,1.94
2022-02-10,1.095,1.139,1.14,1.088,936157,105067323.0,4.76,4.3,0.047,2.08
2022-02-11,1.131,1.132,1.164,1.124,1080495,123163056.0,3.51,-0.61,-0.007,2.4
2022-02-14,1.135,1.123,1.153,1.108,1110945,125263574.0,3.98,-0.8,-0.009,2.47
2022-02-15,1.111,1.092,1.112,1.083,998162,108896851.0,2.58,-2.76,-0.031,2.22
2022-02-16,1.094,1.102,1.111,1.088,725941,79623885.0,2.11,0.92,0.01,1.61
2022-02-17,1.094,1.073,1.097,1.065,1022887,109823416.0,2.9,-2.63,-0.029,2.27
2022-02-18,1.062,1.088,1.089,1.061,887905,95893007.0,2.61,1.4,0.015,1.97
2022-02-21,1.081,1.086,1.091,1.069,910122,98382997.0,2.02,-0.18,-0.002,2.02
2022-02-22,1.08,1.053,1.08,1.047,1106964,117133642.0,3.04,-3.04,-0.033,2.46
2022-02-23,1.051,1.044,1.06,1.039,1139012,118921013.0,1.99,-0.85,-0.009,2.53
2022-02-24,1.031,1.02,1.045,1.008,1033506,106210332.0,3.54,-2.3,-0.024,2.3
2022-02-25,1.029,1.024,1.033,1.02,765600,78546473.0,1.27,0.39,0.004,1.7
2022-02-28,1.018,1.02,1.021,1.001,1269677,128567096.0,1.95,-0.39,-0.004,2.82
2022-03-01,1.016,1.041,1.043,1.016,1426467,147796872.0,2.65,2.06,0.021,3.17
2022-03-02,1.036,1.031,1.04,1.029,852017,88008159.0,1.06,-0.96,-0.01,1.89
2022-03-03,1.034,1.068,1.075,1.034,1637584,173945098.0,3.98,3.59,0.037,3.64
2022-03-04,1.056,1.064,1.073,1.051,1503862,160013337.0,2.06,-0.37,-0.004,3.34
2022-03-07,1.045,0.991,1.049,0.987,1517488,153410130.0,5.83,-6.86,-0.073,3.37
2022-03-08,0.983,0.966,1.011,0.962,1078111,106556208.0,4.94,-2.52,-0.025,2.4
2022-03-09,0.969,0.954,0.973,0.914,1194534,113698261.0,6.11,-1.24,-0.012,2.66
2022-03-10,0.972,0.958,0.977,0.956,883153,85108922.0,2.2,0.42,0.004,1.96
2022-03-11,0.936,0.97,0.978,0.921,1536758,145619174.0,5.95,1.25,0.012,3.42
2022-03-14,0.93,0.909,0.945,0.909,2182246,203269937.0,3.71,-6.29,-0.061,4.85
2022-03-15,0.901,0.866,0.914,0.862,2288784,201651163.0,5.72,-4.73,-0.043,5.09
2022-03-16,0.893,0.952,0.953,0.893,2167387,199630269.0,6.93,9.93,0.086,4.82
2022-03-17,0.969,0.968,0.989,0.945,2177638,210789345.0,4.62,1.68,0.016,4.84
2022-03-18,0.95,0.992,0.994,0.95,1438211,141376190.0,4.55,2.48,0.024,3.2
2022-03-21,0.976,0.991,0.995,0.974,1026929,100951277.0,2.12,-0.1,-0.001,2.28
2022-03-22,0.959,0.974,0.987,0.959,1743088,170205042.0,2.83,-1.72,-0.017,3.88
2022-03-23,0.971,0.97,0.973,0.959,1149524,111115611.0,1.44,-0.41,-0.004,2.56
2022-03-24,0.959,0.954,0.969,0.952,826553,79190407.0,1.75,-1.65,-0.016,1.84
2022-03-25,0.953,0.94,0.959,0.935,1133019,106820588.0,2.52,-1.47,-0.014,2.52
2022-03-28,0.919,0.932,0.943,0.911,956522,88897079.0,3.4,-0.85,-0.008,2.13
2022-03-29,0.93,0.929,0.95,0.926,810281,75917945.0,2.58,-0.32,-0.003,1.8
2022-03-30,0.935,0.963,0.965,0.928,1122626,106641908.0,3.98,3.66,0.034,2.5
2022-03-31,0.958,0.944,0.969,0.939,1304239,124326066.0,3.12,-1.97,-0.019,2.9
2022-04-01,0.934,0.986,0.987,0.93,1369886,133347743.0,6.04,4.45,0.042,3.05
2022-04-06,0.97,0.981,0.991,0.967,1437948,140843894.0,2.43,-0.51,-0.005,3.2
2022-04-07,0.977,0.963,0.987,0.961,1238317,120429721.0,2.65,-1.83,-0.018,2.75
2022-04-08,0.962,0.972,0.972,0.941,1129226,108097488.0,3.22,0.93,0.009,2.51
2022-04-11,0.962,0.936,0.962,0.931,1108970,104880877.0,3.19,-3.7,-0.036,2.47
2022-04-12,0.931,1.023,1.024,0.931,3055270,302017552.0,9.94,9.29,0.087,6.79
2022-04-13,1.0,0.985,1.012,0.983,3058691,305598336.0,2.83,-3.71,-0.038,6.8
2022-04-14,0.999,1.009,1.025,0.989,2570347,259420577.0,3.65,2.44,0.024,5.71
2022-04-15,0.998,0.997,1.019,0.993,1452558,146180109.0,2.58,-1.19,-0.012,3.23
2022-04-18,0.988,1.003,1.01,0.98,1488576,148846581.0,3.01,0.6,0.006,3.31
2022-04-19,1.001,0.994,1.012,0.987,1588955,158634536.0,2.49,-0.9,-0.009,3.53
2022-04-20,1.0,1.007,1.02,0.984,1775328,177981010.0,3.62,1.31,0.013,3.95
2022-04-21,0.996,0.971,1.001,0.959,2067062,202166349.0,4.17,-3.57,-0.036,4.6
2022-04-22,0.95,0.954,0.963,0.934,1690551,160511621.0,2.99,-1.75,-0.017,3.76
2022-04-25,0.922,0.907,0.937,0.905,1795638,166238661.0,3.35,-4.93,-0.047,3.99
2022-04-26,0.913,0.895,0.926,0.891,1348922,122545346.0,3.86,-1.32,-0.012,3.0
2022-04-27,0.886,0.915,0.916,0.878,1986803,178083337.0,4.25,2.23,0.02,4.42
2022-04-28,0.911,0.906,0.923,0.888,1936345,175193607.0,3.83,-0.98,-0.009,4.31
2022-04-29,0.906,0.925,0.926,0.884,2222960,201335512.0,4.64,2.1,0.019,4.94
2022-05-05,0.907,0.919,0.926,0.894,1569294,143268607.0,3.46,-0.65,-0.006,3.49
2022-05-06,0.896,0.863,0.896,0.852,4037131,350322048.0,4.79,-6.09,-0.056,8.98
2022-05-09,0.845,0.845,0.862,0.837,1980645,167849419.0,2.9,-2.09,-0.018,4.4
2022-05-10,0.831,0.862,0.863,0.823,1657799,140803789.0,4.73,2.01,0.017,3.69
2022-05-11,0.862,0.886,0.904,0.862,2791016,248493307.0,4.87,2.78,0.024,6.21
2022-05-12,0.877,0.887,0.889,0.876,1157576,102211891.0,1.47,0.11,0.001,2.57
2022-05-13,0.884,0.887,0.889,0.87,1474260,129770890.0,2.14,0.0,0.0,3.28
2022-05-16,0.896,0.897,0.909,0.891,1508947,135609242.0,2.03,1.13,0.01,3.35
2022-05-17,0.891,0.893,0.893,0.876,1144457,101312794.0,1.9,-0.45,-0.004,2.54
2022-05-18,0.893,0.879,0.893,0.877,1359917,120032124.0,1.79,-1.57,-0.014,3.02
2022-05-19,0.863,0.868,0.875,0.86,1236511,107165352.0,1.71,-1.25,-0.011,2.75
2022-05-20,0.872,0.897,0.898,0.871,1622973,144203729.0,3.11,3.34,0.029,3.61
2022-05-23,0.894,0.881,0.894,0.873,1764623,155343213.0,2.34,-1.78,-0.016,3.92
2022-05-24,0.881,0.864,0.89,0.862,1839736,161625397.0,3.18,-1.93,-0.017,4.09
2022-05-25,0.862,0.888,0.89,0.86,1770565,155839888.0,3.47,2.78,0.024,3.94
2022-05-26,0.884,0.898,0.904,0.88,1601806,142850695.0,2.7,1.13,0.01,3.56
2022-05-27,0.905,0.906,0.915,0.897,1753216,158975558.0,2.0,0.89,0.008,3.9
2022-05-30,0.922,0.935,0.938,0.913,1901294,176443541.0,2.76,3.2,0.029,4.23
2022-05-31,0.927,0.938,0.941,0.926,1611582,150655527.0,1.6,0.32,0.003,3.58
2022-06-01,0.938,0.924,0.947,0.917,2958171,273950288.0,3.2,-1.49,-0.014,6.58
2022-06-02,0.92,0.919,0.922,0.909,1495713,136900161.0,1.41,-0.54,-0.005,3.33
2022-06-06,0.92,0.92,0.922,0.9,3853360,352575824.0,2.39,0.11,0.001,8.57
2022-06-07,0.921,0.92,0.931,0.914,1619406,149209367.0,1.85,0.0,0.0,3.6
2022-06-08,0.918,0.94,0.941,0.916,2076476,192786987.0,2.72,2.17,0.02,4.62
2022-06-09,0.939,0.92,0.945,0.915,1725722,159701369.0,3.19,-2.13,-0.02,3.84
2022-06-10,0.913,0.924,0.926,0.911,1350319,124098866.0,1.63,0.43,0.004,3.0
2022-06-13,0.911,0.896,0.911,0.886,5627868,502837888.0,2.71,-3.03,-0.028,12.51
2022-06-14,0.886,0.906,0.906,0.884,2989502,267605577.0,2.46,1.12,0.01,6.65
2022-06-15,0.905,0.911,0.925,0.9,2894382,264928441.0,2.76,0.55,0.005,6.44
2022-06-16,0.91,0.919,0.927,0.908,1664148,152692785.0,2.09,0.88,0.008,3.7
2022-06-17,0.913,0.927,0.928,0.908,1539367,141554356.0,2.18,0.87,0.008,3.42
2022-06-20,0.929,0.961,0.962,0.927,3117665,296761968.0,3.78,3.67,0.034,6.93
2022-06-21,0.96,0.959,0.973,0.95,2483933,239193741.0,2.39,-0.21,-0.002,5.52
2022-06-22,0.958,0.951,0.963,0.949,1175363,112237819.0,1.46,-0.83,-0.008,2.61
2022-06-23,0.951,0.963,0.963,0.95,1722082,164737318.0,1.37,1.26,0.012,3.83
2022-06-24,0.963,0.994,0.998,0.955,2475378,241536233.0,4.47,3.22,0.031,5.5
2022-06-27,1.005,1.026,1.044,1.005,3318407,342278752.0,3.92,3.22,0.032,7.38
2022-06-28,1.021,1.091,1.091,1.019,5277392,553901168.0,7.02,6.34,0.065,11.73
2022-06-29,1.096,1.077,1.105,1.072,4642834,503660752.0,3.02,-1.28,-0.014,10.32
2022-06-30,1.11,1.123,1.133,1.096,3463075,386681344.0,3.44,4.27,0.046,7.7
2022-07-01,1.118,1.064,1.118,1.055,3337453,357656352.0,5.61,-5.25,-0.059,7.42
2022-07-04,1.041,1.055,1.068,1.04,2359369,248411938.0,2.63,-0.85,-0.009,5.25
2022-07-05,1.055,1.041,1.056,1.031,2013442,209985332.0,2.37,-1.33,-0.014,4.48
2022-07-06,1.028,1.004,1.029,1.0,2651859,267976083.0,2.79,-3.55,-0.037,5.9
2022-07-07,1.002,1.009,1.018,0.996,1989632,200841522.0,2.19,0.5,0.005,4.42
2022-07-08,1.031,1.012,1.041,1.01,1993746,203448351.0,3.07,0.3,0.003,4.43
2022-07-11,0.991,0.991,0.997,0.98,2146490,212041370.0,1.68,-2.08,-0.021,4.77
2022-07-12,0.989,0.98,0.993,0.978,1843666,181729007.0,1.51,-1.11,-0.011,4.1
2022-07-13,0.983,0.998,1.0,0.983,1621327,161278699.6,1.73,1.84,0.018,3.6
2022-07-14,0.995,1.007,1.017,0.988,1940241,194746810.614,2.91,0.9,0.009,4.31
2022-07-15,1.008,1.002,1.026,0.998,1948788,197478390.362,2.78,-0.5,-0.005,4.33
2022-07-18,0.998,1.006,1.012,0.992,1534486,153808054.199,2.0,0.4,0.004,3.41
2022-07-19,1.025,1.0,1.025,0.991,1834737,184167202.0,3.38,-0.6,-0.006,4.08
2022-07-20,1.002,1.019,1.031,0.997,2096659,213873515.7,3.4,1.9,0.019,4.66
2022-07-21,1.019,1.012,1.023,1.009,1412713,143639076.0,1.37,-0.69,-0.007,3.14
2022-07-22,1.013,1.018,1.029,1.006,1773873,180349578.864,2.27,0.59,0.006,3.94
2022-07-25,1.017,1.015,1.025,1.007,1287812,130861624.1,1.77,-0.29,-0.003,2.86
2022-07-26,1.028,1.034,1.045,1.028,2785436,288479737.045,1.67,1.87,0.019,6.19
2022-07-27,1.025,1.02,1.029,1.016,1965367,200792539.188,1.26,-1.35,-0.014,4.37
2022-07-28,1.026,1.022,1.039,1.018,1496794,153858264.1,2.06,0.2,0.002,3.33
2022-07-29,1.018,0.983,1.018,0.98,2790999,276726533.81,3.72,-3.82,-0.039,6.21
2022-08-01,0.976,0.993,0.993,0.976,1589941,157142235.966,1.73,1.02,0.01,3.54
2022-08-02,0.98,0.975,0.987,0.96,2201136,214782705.275,2.72,-1.81,-0.018,4.89
2022-08-03,0.973,0.956,0.982,0.955,1783355,172452592.0,2.77,-1.95,-0.019,3.97
2022-08-04,0.958,0.964,0.965,0.948,1182491,113051812.745,1.78,0.84,0.008,2.63
2022-08-05,0.962,0.966,0.966,0.952,1392296,133422430.634,1.45,0.21,0.002,3.1
2022-08-08,0.941,0.95,0.955,0.93,1528680,144507891.056,2.59,-1.66,-0.016,3.4
2022-08-09,0.948,0.956,0.957,0.945,1038592,98916104.9,1.26,0.63,0.006,2.31
2022-08-10,0.958,0.942,0.958,0.94,1072955,101352587.3,1.88,-1.46,-0.014,2.39
2022-08-11,0.94,0.961,0.965,0.94,1734133,165564907.1,2.65,2.02,0.019,3.86
2022-08-12,0.957,0.97,0.972,0.952,1124614,108150576.19,2.08,0.94,0.009,2.5
2022-08-15,0.965,0.961,0.966,0.953,998340,95757113.791,1.34,-0.93,-0.009,2.22
2022-08-16,0.957,0.955,0.961,0.951,1117277,106714701.6,1.04,-0.62,-0.006,2.48
2022-08-17,0.954,0.966,0.972,0.949,1030958,99255209.02,2.41,1.15,0.011,2.29
2022-08-18,0.961,0.95,0.965,0.947,1509729,143647479.8,1.86,-1.66,-0.016,3.36
2022-08-19,0.948,0.947,0.954,0.945,829453,78742079.9,0.95,-0.32,-0.003,1.84
2022-08-22,0.95,0.961,0.966,0.943,1384989,132880720.9,2.43,1.48,0.014,3.08
2022-08-23,0.957,0.962,0.966,0.949,1390486,133116447.3,1.77,0.1,0.001,3.09
2022-08-24,0.96,0.949,0.968,0.947,1541336,147579272.462,2.18,-1.35,-0.013,3.43
2022-08-25,0.95,0.966,0.966,0.947,1366846,130849297.6,2.0,1.79,0.017,3.04
2022-08-26,0.969,0.978,0.993,0.969,2590765,254882172.863,2.48,1.24,0.012,5.76
2022-08-29,0.968,0.983,0.987,0.961,2969970,289843376.9,2.66,0.51,0.005,6.6
2022-08-30,0.979,0.981,0.984,0.973,1689167,165308719.325,1.12,-0.2,-0.002,3.76
2022-08-31,0.975,0.982,0.99,0.975,1708927,167984548.645,1.53,0.1,0.001,3.8
2022-09-01,0.979,0.94,0.98,0.94,2451613,234866462.414,4.07,-4.28,-0.042,5.45
2022-09-02,0.94,0.939,0.943,0.926,1731366,161606563.5,1.81,-0.11,-0.001,3.85
2022-09-05,0.935,0.932,0.936,0.922,1358528,125948784.2,1.49,-0.75,-0.007,3.02
2022-09-06,0.934,0.954,0.959,0.933,1792458,169892873.652,2.79,2.36,0.022,3.99
2022-09-07,0.948,0.959,0.966,0.948,2552891,245036491.7,1.89,0.52,0.005,5.68
2022-09-08,0.961,0.979,0.985,0.961,2265493,221917999.5,2.5,2.09,0.02,5.04
2022-09-09,0.968,0.982,0.985,0.966,1739370,169860409.1,1.94,0.31,0.003,3.87
2022-09-13,0.985,0.998,1.0,0.979,1681005,166819133.255,2.14,1.63,0.016,3.74
2022-09-14,0.983,0.99,1.001,0.982,1465354,145253281.39,1.9,-0.8,-0.008,3.26
2022-09-15,0.993,0.993,1.001,0.98,1375127,136235042.7,2.12,0.3,0.003,3.06
2022-09-16,0.99,0.978,1.007,0.976,2251935,223669669.75,3.12,-1.51,-0.015,5.01
2022-09-19,0.978,0.996,0.997,0.973,2031428,200981516.7,2.45,1.84,0.018,4.52
2022-09-20,0.997,1.006,1.007,0.985,1943919,193831169.784,2.21,1.0,0.01,4.32
2022-09-21,1.0,0.986,1.004,0.982,1642917,162935314.285,2.19,-1.99,-0.02,3.65
2022-09-22,0.981,0.97,0.981,0.966,2161572,209984967.777,1.52,-1.62,-0.016,4.81
2022-09-23,0.966,0.956,0.979,0.95,1685069,162338728.452,2.99,-1.44,-0.014,3.75
2022-09-26,0.955,0.985,1.003,0.955,3293765,325418277.52,5.02,3.03,0.029,7.32
2022-09-27,0.979,1.036,1.037,0.977,3649911,369736980.114,6.09,5.18,0.051,8.12
2022-09-28,1.025,1.015,1.04,1.014,2356172,241516199.756,2.51,-2.03,-0.021,5.24
2022-09-29,1.022,0.994,1.025,0.986,3687266,368062625.26,3.84,-2.07,-0.021,8.2
2022-09-30,0.991,0.973,0.995,0.968,1836633,179817470.974,2.72,-2.11,-0.021,4.08
2022-10-10,0.969,0.946,0.97,0.943,1743286,166940151.46,2.77,-2.77,-0.027,3.88
2022-10-11,0.944,0.93,0.948,0.915,2278574,211117231.798,3.49,-1.69,-0.016,5.07
2022-10-12,0.927,0.929,0.929,0.895,3303020,300573078.112,3.66,-0.11,-0.001,7.34
2022-10-13,0.92,0.93,0.941,0.915,1706851,158696155.4,2.8,0.11,0.001,3.79
2022-10-14,0.931,0.94,0.947,0.93,1854435,174485308.75,1.83,1.08,0.01,4.12
2022-10-17,0.935,0.954,0.958,0.928,1662042,157003032.635,3.19,1.49,0.014,3.7
2022-10-18,0.966,0.957,0.988,0.951,1609767,155348035.5,3.88,0.31,0.003,3.58
2022-10-19,0.952,0.937,0.964,0.933,1549222,146849654.7,3.24,-2.09,-0.02,3.44
2022-10-20,0.929,0.956,0.972,0.921,2784203,263170479.207,5.44,2.03,0.019,6.19
2022-10-21,0.94,0.95,0.958,0.934,1716735,162577729.635,2.51,-0.63,-0.006,3.82
2022-10-24,0.941,0.909,0.948,0.905,2211175,203752299.164,4.53,-4.32,-0.041,4.92
2022-10-25,0.909,0.932,0.941,0.906,2862785,265796760.665,3.85,2.53,0.023,6.37
2022-10-26,0.932,0.954,0.965,0.932,1815720,172912602.651,3.54,2.36,0.022,4.04
2022-10-27,0.958,0.951,0.974,0.949,1379018,132326186.246,2.62,-0.31,-0.003,3.07
2022-10-28,0.952,0.938,0.965,0.933,2122130,201570905.713,3.36,-1.37,-0.013,4.72
2022-10-31,0.926,0.917,0.934,0.901,1550417,141955521.1,3.52,-2.24,-0.021,3.45
2022-11-01,0.91,0.991,0.991,0.9,2876890,272843255.847,9.92,8.07,0.074,6.4
2022-11-02,0.969,1.008,1.049,0.967,4584815,462104040.646,8.27,1.72,0.017,10.19
2022-11-03,0.99,1.006,1.021,0.987,1876712,188834337.33,3.37,-0.2,-0.002,4.17
2022-11-04,1.006,1.047,1.07,1.006,3145656,328286556.26,6.36,4.08,0.041,6.99
2022-11-07,1.017,1.033,1.034,1.016,1869104,191881553.277,1.72,-1.34,-0.014,4.16
2022-11-08,1.029,1.019,1.034,1.013,1238415,126716012.337,2.03,-1.36,-0.014,2.75
2022-11-09,1.02,1.017,1.038,1.011,1249341,127963436.908,2.65,-0.2,-0.002,2.78
2022-11-10,1.01,1.032,1.038,1.006,1675591,171321411.104,3.15,1.47,0.015,3.73
2022-11-11,1.07,1.037,1.072,0.935,5729485,598335177.333,13.28,0.48,0.005,12.74
2022-11-14,1.023,0.993,1.023,0.988,3243522,325085887.225,3.38,-4.24,-0.044,7.21
2022-11-15,0.993,1.008,1.018,0.992,2101384,211938399.51,2.62,1.51,0.015,4.67
2022-11-16,1.03,1.007,1.035,1.002,2038813,207231917.8,3.27,-0.1,-0.001,4.53
2022-11-17,1.0,1.01,1.015,0.994,1472168,148221940.736,2.09,0.3,0.003,3.27
2022-11-18,1.005,0.99,1.005,0.987,2632665,261967134.0,1.78,-1.98,-0.02,5.85
2022-11-21,0.977,0.962,0.978,0.954,1820335,174812108.1,2.42,-2.83,-0.028,4.05
2022-11-22,0.96,0.95,0.963,0.944,1416250,134909622.2,1.98,-1.25,-0.012,3.15
2022-11-23,0.947,0.945,0.949,0.935,1269720,119389998.1,1.47,-0.53,-0.005,2.82
2022-11-24,0.947,0.935,0.95,0.933,1676370,157503274.7,1.8,-1.06,-0.01,3.73
2022-11-25,0.936,0.943,0.944,0.93,1803311,169093549.0,1.5,0.86,0.008,4.01
2022-11-28,0.933,0.98,0.983,0.923,3534163,338507048.83,6.36,3.92,0.037,7.86
2022-11-29,0.972,1.046,1.046,0.972,5102088,519054893.839,7.55,6.73,0.066,11.34
2022-11-30,1.03,1.056,1.059,1.026,3205136,333544272.988,3.15,0.96,0.01,7.13
2022-12-01,1.099,1.045,1.115,1.041,3802105,403848635.432,7.01,-1.04,-0.011,8.45
2022-12-02,1.036,1.047,1.06,1.036,2939663,307151678.564,2.3,0.19,0.002,6.54
2022-12-05,1.07,1.059,1.073,1.047,2587788,274444060.47,2.48,1.15,0.012,5.75
2022-12-06,1.06,1.077,1.094,1.056,2781467,299994404.338,3.59,1.7,0.018,6.18
2022-12-07,1.075,1.095,1.122,1.071,3470941,379083822.31,4.74,1.67,0.018,7.72
2022-12-08,1.098,1.099,1.111,1.08,2523810,275392257.03,2.83,0.37,0.004,5.61
2022-12-09,1.097,1.087,1.098,1.072,2300540,249233383.857,2.37,-1.09,-0.012,5.11
2022-12-12,1.081,1.107,1.118,1.081,1981823,219285081.629,3.4,1.84,0.02,4.41
2022-12-13,1.104,1.127,1.143,1.1,2014774,227086766.542,3.88,1.81,0.02,4.48
2022-12-14,1.127,1.151,1.16,1.122,1838249,210627136.935,3.37,2.13,0.024,4.09
2022-12-15,1.16,1.132,1.163,1.13,2081285,237174303.024,2.87,-1.65,-0.019,4.63
2022-12-16,1.126,1.145,1.146,1.12,1398462,158843521.9,2.3,1.15,0.013,3.11
2022-12-19,1.143,1.127,1.145,1.119,1570344,177349932.068,2.27,-1.57,-0.018,3.49
2022-12-20,1.121,1.095,1.124,1.094,1714167,189577850.6,2.66,-2.84,-0.032,3.81
2022-12-21,1.095,1.119,1.126,1.095,1918634,214604755.3,2.83,2.19,0.024,4.27
2022-12-22,1.122,1.126,1.146,1.114,1590496,180080369.9,2.86,0.63,0.007,3.54
2022-12-23,1.118,1.128,1.142,1.115,1276227,144456592.8,2.4,0.18,0.002,2.84
2022-12-26,1.129,1.143,1.18,1.129,2183449,252401942.0,4.52,1.33,0.015,4.85
2022-12-27,1.16,1.136,1.161,1.117,2083336,236020736.524,3.85,-0.61,-0.007,4.63
2022-12-28,1.131,1.13,1.147,1.123,1182638,134234046.033,2.11,-0.53,-0.006,2.63
2022-12-29,1.124,1.116,1.136,1.111,1053040,118317772.754,2.21,-1.24,-0.014,2.34
2022-12-30,1.117,1.129,1.131,1.107,1282172,143568595.324,2.15,1.16,0.013,2.85
2023-01-03,1.128,1.104,1.128,1.098,1737478,192118413.06,2.66,-2.21,-0.025,3.86
2023-01-04,1.104,1.114,1.115,1.095,1198521,132922959.896,1.81,0.91,0.01,2.66
2023-01-05,1.117,1.131,1.134,1.101,1722240,193828408.454,2.96,1.53,0.017,3.83
2023-01-06,1.131,1.106,1.133,1.102,1663359,184697255.6,2.74,-2.21,-0.025,3.7
2023-01-09,1.106,1.124,1.124,1.104,2377653,265604203.006,1.81,1.63,0.018,5.29
2023-01-10,1.123,1.124,1.13,1.112,1307730,146627896.092,1.6,0.0,0.0,2.91
2023-01-11,1.123,1.104,1.123,1.103,1652440,183387156.2,1.78,-1.78,-0.02,3.67
2023-01-12,1.107,1.094,1.111,1.09,1151328,126489653.687,1.9,-0.91,-0.01,2.56
2023-01-13,1.092,1.118,1.118,1.09,1257082,138986268.683,2.56,2.19,0.024,2.79
2023-01-16,1.122,1.118,1.133,1.1,1256738,141164968.044,2.95,0.0,0.0,2.79
2023-01-17,1.118,1.122,1.123,1.108,1094722,122211416.455,1.34,0.36,0.004,2.43
2023-01-18,1.122,1.117,1.133,1.113,877473,98315488.714,1.78,-0.45,-0.005,1.95
2023-01-19,1.115,1.121,1.122,1.101,1079404,120095578.719,1.88,0.36,0.004,2.4
2023-01-20,1.121,1.13,1.137,1.121,1317668,148628632.229,1.43,0.8,0.009,2.93
2023-01-30,1.152,1.102,1.153,1.099,2253547,252034792.091,4.78,-2.48,-0.028,5.01
2023-01-31,1.098,1.079,1.102,1.076,1786555,194201397.458,2.36,-2.09,-0.023,3.97
2023-02-01,1.081,1.079,1.083,1.067,1647000,176764369.496,1.48,0.0,0.0,3.66
2023-02-02,1.08,1.091,1.091,1.071,3461844,374681373.508,1.85,1.11,0.012,7.7
2023-02-03,1.09,1.082,1.09,1.07,1645799,177118656.941,1.83,-0.82,-0.009,3.66
2023-02-06,1.077,1.074,1.086,1.067,1374592,148155658.7,1.76,-0.74,-0.008,3.06
2023-02-07,1.074,1.063,1.079,1.06,1529445,163224736.727,1.77,-1.02,-0.011,3.4
2023-02-08,1.066,1.065,1.075,1.064,996512,106552027.2,1.03,0.19,0.002,2.22
2023-02-09,1.068,1.083,1.083,1.061,1310583,141067434.3,2.07,1.69,0.018,2.91
2023-02-10,1.08,1.099,1.103,1.079,1846260,201838157.965,2.22,1.48,0.016,4.1
2023-02-13,1.098,1.136,1.137,1.096,2487656,278782099.738,3.73,3.37,0.037,5.53
2023-02-14,1.134,1.129,1.136,1.12,1163286,131061929.404,1.41,-0.62,-0.007,2.59
2023-02-15,1.128,1.115,1.128,1.113,997570,111643642.747,1.33,-1.24,-0.014,2.22
2023-02-16,1.119,1.123,1.148,1.113,1635956,185743579.348,3.14,0.72,0.008,3.64
2023-02-17,1.12,1.111,1.137,1.108,1423976,159855435.326,2.58,-1.07,-0.012,3.17
2023-02-20,1.111,1.125,1.127,1.108,1207488,135183101.0,1.71,1.26,0.014,2.68
2023-02-21,1.126,1.119,1.13,1.112,1031940,115488359.6,1.6,-0.53,-0.006,2.29
2023-02-22,1.117,1.11,1.118,1.109,896235,99665990.041,0.8,-0.8,-0.009,1.99
2023-02-23,1.111,1.103,1.115,1.099,801649,88761238.263,1.44,-0.63,-0.007,1.78
2023-02-24,1.106,1.096,1.106,1.087,876490,95980583.46,1.72,-0.63,-0.007,1.95
2023-02-27,1.094,1.106,1.113,1.085,1090647,119974416.5,2.55,0.91,0.01,2.42
2023-02-28,1.108,1.114,1.116,1.105,1644528,182678826.9,0.99,0.72,0.008,3.66
2023-03-01,1.115,1.119,1.12,1.104,1185406,132041276.4,1.44,0.45,0.005,2.64
2023-03-02,1.119,1.125,1.127,1.112,1175256,131696463.461,1.34,0.54,0.006,2.61
2023-03-03,1.125,1.127,1.132,1.118,1097653,123517242.9,1.24,0.18,0.002,2.44
2023-03-06,1.127,1.142,1.142,1.126,1315030,149349154.465,1.42,1.33,0.015,2.92
2023-03-07,1.135,1.118,1.14,1.118,1255734,141852046.63,1.93,-2.1,-0.024,2.79
2023-03-08,1.117,1.123,1.126,1.112,1092362,122355296.652,1.25,0.45,0.005,2.43
2023-03-09,1.123,1.106,1.124,1.104,828808,92049002.004,1.78,-1.51,-0.017,1.84
2023-03-10,1.1,1.08,1.104,1.08,950341,103816863.64,2.17,-2.35,-0.026,2.11
2023-03-13,1.08,1.1,1.102,1.079,1120831,122309357.718,2.13,1.85,0.02,2.49
2023-03-14,1.101,1.084,1.101,1.078,914671,99646587.8,2.09,-1.45,-0.016,2.03
2023-03-15,1.091,1.073,1.092,1.071,1180066,127579730.0,1.94,-1.01,-0.011,2.62
2023-03-16,1.065,1.059,1.07,1.056,972586,103369329.6,1.3,-1.3,-0.014,2.16
2023-03-17,1.065,1.064,1.076,1.06,923530,98620848.5,1.51,0.47,0.005,2.05
2023-03-20,1.062,1.053,1.067,1.052,1193639,126282808.447,1.41,-1.03,-0.011,2.65
2023-03-21,1.053,1.076,1.077,1.053,1121537,119674064.2,2.28,2.18,0.023,2.49
2023-03-22,1.076,1.068,1.082,1.065,1536679,164634899.5,1.58,-0.74,-0.008,3.42
2023-03-23,1.062,1.062,1.064,1.054,1520226,160795859.7,0.94,-0.56,-0.006,3.38
2023-03-24,1.064,1.059,1.071,1.056,1487839,158396107.032,1.41,-0.28,-0.003,3.31
2023-03-27,1.059,1.069,1.069,1.053,2458886,260808922.81,1.51,0.94,0.01,5.47
2023-03-28,1.069,1.06,1.077,1.058,1259248,134144573.3,1.78,-0.84,-0.009,2.8
2023-03-29,1.059,1.069,1.083,1.058,1912155,205062434.186,2.36,0.85,0.009,4.25
2023-03-30,1.071,1.107,1.107,1.068,2919951,318326460.126,3.65,3.55,0.038,6.49
2023-03-31,1.103,1.099,1.105,1.09,2024470,222182978.658,1.36,-0.72,-0.008,4.5
2023-04-03,1.095,1.116,1.12,1.095,2667582,296098401.512,2.27,1.55,0.017,5.93
2023-04-04,1.116,1.12,1.137,1.107,3310817,371050540.535,2.69,0.36,0.004,7.36
2023-04-06,1.118,1.122,1.123,1.106,1803713,201471869.866,1.52,0.18,0.002,4.01
2023-04-07,1.123,1.131,1.144,1.117,2136899,242100186.174,2.41,0.8,0.009,4.75
2023-04-10,1.132,1.137,1.14,1.123,3042071,344197609.899,1.5,0.53,0.006,6.76
2023-04-11,1.135,1.125,1.151,1.123,2178717,247189758.472,2.46,-1.06,-0.012,4.84
2023-04-12,1.123,1.109,1.13,1.101,2438022,271084771.158,2.58,-1.42,-0.016,5.42
2023-04-13,1.105,1.125,1.125,1.1,2508461,278467724.765,2.25,1.44,0.016,5.58
2023-04-14,1.127,1.101,1.127,1.097,3193609,353155583.326,2.67,-2.13,-0.024,7.1
2023-04-17,1.101,1.114,1.121,1.098,3296295,367011561.1,2.09,1.18,0.013,7.33
2023-04-18,1.116,1.099,1.116,1.096,2727661,300213080.198,1.8,-1.35,-0.015,6.06
2023-04-19,1.099,1.101,1.102,1.088,1892808,207125911.885,1.27,0.18,0.002,4.21
2023-04-20,1.097,1.077,1.097,1.075,2729655,295413532.379,2.0,-2.18,-0.024,6.07
2023-04-21,1.078,1.047,1.084,1.047,2770395,295220071.658,3.44,-2.79,-0.03,6.16
2023-04-24,1.046,1.019,1.046,1.013,2315057,236590437.344,3.15,-2.67,-0.028,5.15
2023-04-25,1.018,1.004,1.025,0.99,2636866,264966368.897,3.43,-1.47,-0.015,5.86
2023-04-26,1.006,1.021,1.028,1.006,2229006,227433932.113,2.19,1.69,0.017,4.96
2023-04-27,1.023,1.025,1.03,1.013,1497281,152971842.127,1.67,0.39,0.004,3.33
2023-04-28,1.028,1.036,1.036,1.012,2476606,253826675.011,2.34,1.07,0.011,5.51
2023-05-04,1.025,0.987,1.025,0.984,3950002,392176534.681,3.96,-4.73,-0.049,8.78
2023-05-05,0.985,0.985,0.996,0.982,1750819,172903383.7,1.42,-0.2,-0.002,3.89
2023-05-08,0.988,0.965,0.988,0.957,2166605,209008965.903,3.15,-2.03,-0.02,4.82
2023-05-09,0.964,0.96,0.972,0.958,1337580,129233762.584,1.45,-0.52,-0.005,2.97
2023-05-10,0.959,0.949,0.959,0.943,1352707,128432232.632,1.67,-1.15,-0.011,3.01
2023-05-11,0.951,0.95,0.957,0.948,1094584,104303711.9,0.95,0.11,0.001,2.43
2023-05-12,0.951,0.939,0.951,0.938,1347172,126920519.324,1.37,-1.16,-0.011,3.0
2023-05-15,0.937,0.954,0.954,0.929,1653295,155240518.617,2.66,1.6,0.015,3.68
2023-05-16,0.952,0.94,0.953,0.937,1204015,113614638.1,1.68,-1.47,-0.014,2.68
2023-05-17,0.939,0.931,0.94,0.929,1339712,125160071.761,1.17,-0.96,-0.009,2.98
2023-05-18,0.933,0.922,0.935,0.918,1874124,173394758.517,1.83,-0.97,-0.009,4.17
2023-05-19,0.921,0.928,0.931,0.912,1790930,165441418.886,2.06,0.65,0.006,3.98
2023-05-22,0.928,0.947,0.949,0.917,2466750,231506350.836,3.45,2.05,0.019,5.48
2023-05-23,0.944,0.929,0.944,0.927,1766530,165344429.6,1.8,-1.9,-0.018,3.93
2023-05-24,0.925,0.905,0.926,0.904,2393797,218491372.5,2.37,-2.58,-0.024,5.32
2023-05-25,0.901,0.896,0.904,0.888,1573183,140848663.855,1.77,-0.99,-0.009,3.5
2023-05-26,0.896,0.901,0.902,0.89,1028936,92295724.797,1.34,0.56,0.005,2.29
2023-05-29,0.903,0.896,0.907,0.895,883522,79429242.075,1.33,-0.55,-0.005,1.96
2023-05-30,0.897,0.897,0.898,0.883,1376876,122705388.18,1.67,0.11,0.001,3.06
2023-05-31,0.894,0.907,0.908,0.891,1676066,151468898.008,1.9,1.11,0.01,3.73
2023-06-01,0.906,0.895,0.908,0.892,1553600,139787158.4,1.76,-1.32,-0.012,3.45
2023-06-02,0.894,0.898,0.901,0.888,2016487,180788541.5,1.45,0.34,0.003,4.48
2023-06-05,0.899,0.908,0.91,0.895,1864087,168784417.868,1.67,1.11,0.01,4.14
2023-06-06,0.907,0.893,0.91,0.89,1623746,146038635.1,2.2,-1.65,-0.015,3.61
2023-06-07,0.895,0.905,0.908,0.892,1811846,163532001.6,1.79,1.34,0.012,4.03
2023-06-08,0.904,0.912,0.912,0.895,1527642,138249287.6,1.88,0.77,0.007,3.4
2023-06-09,0.913,0.91,0.919,0.906,1725729,157231855.9,1.43,-0.22,-0.002,3.84
2023-06-12,0.911,0.918,0.923,0.902,1933902,176591418.768,2.31,0.88,0.008,4.3
2023-06-13,0.915,0.918,0.922,0.912,1878369,172203912.8,1.09,0.0,0.0,4.18
2023-06-14,0.919,0.919,0.928,0.914,2338037,215670304.9,1.53,0.11,0.001,5.2
2023-06-15,0.919,0.939,0.94,0.912,2802870,260268970.1,3.05,2.18,0.02,6.23
2023-06-16,0.941,0.942,0.944,0.933,2393282,224915212.7,1.17,0.32,0.003,5.32
2023-06-19,0.945,0.934,0.95,0.933,2951994,277366959.0,1.8,-0.85,-0.008,6.56
2023-06-20,0.934,0.921,0.935,0.92,1764527,163193790.8,1.61,-1.39,-0.013,3.92
2023-06-21,0.919,0.911,0.931,0.909,2467234,226743615.603,2.39,-1.09,-0.01,5.49
2023-06-26,0.903,0.882,0.903,0.881,2118579,188884735.54,2.41,-3.18,-0.029,4.71
2023-06-27,0.885,0.899,0.905,0.884,1775780,159468978.1,2.38,1.93,0.017,3.95
2023-06-28,0.898,0.894,0.899,0.886,1398319,124786021.858,1.45,-0.56,-0.005,3.11
2023-06-29,0.894,0.873,0.894,0.872,2681794,235646487.62,2.46,-2.35,-0.021,5.96
2023-06-30,0.871,0.876,0.88,0.87,1379323,120793341.697,1.15,0.34,0.003,3.07
2023-07-03,0.878,0.919,0.921,0.876,4481000,405667676.244,5.14,4.91,0.043,9.96
2023-07-04,0.912,0.923,0.925,0.91,2470363,227001672.076,1.63,0.44,0.004,5.49
2023-07-05,0.921,0.911,0.921,0.908,2382674,217511865.672,1.41,-1.3,-0.012,5.3
2023-07-06,0.91,0.906,0.925,0.903,1869840,170452037.872,2.41,-0.55,-0.005,4.16
2023-07-07,0.902,0.907,0.914,0.901,1421162,129083525.9,1.43,0.11,0.001,3.16
2023-07-10,0.915,0.924,0.934,0.914,2275051,210375785.152,2.21,1.87,0.017,5.06
2023-07-11,0.923,0.922,0.924,0.916,1668408,153477070.9,0.87,-0.22,-0.002,3.71
2023-07-12,0.922,0.913,0.923,0.911,1574527,144128226.994,1.3,-0.98,-0.009,3.5
2023-07-13,0.918,0.917,0.921,0.91,1902524,174105179.494,1.2,0.44,0.004,4.23
2023-07-14,0.918,0.906,0.918,0.904,1839792,166956684.2,1.53,-1.2,-0.011,4.09
2023-07-17,0.906,0.9,0.907,0.893,1397790,125480708.196,1.55,-0.66,-0.006,3.11
2023-07-18,0.9,0.899,0.904,0.893,1268623,113858794.3,1.22,-0.11,-0.001,2.82
2023-07-19,0.899,0.895,0.902,0.89,1752005,156832311.5,1.33,-0.44,-0.004,3.9
2023-07-20,0.895,0.894,0.905,0.893,1867387,168031714.074,1.34,-0.11,-0.001,4.15
2023-07-21,0.893,0.899,0.909,0.89,1903126,171299678.801,2.13,0.56,0.005,4.23
2023-07-24,0.898,0.897,0.904,0.89,1266015,113709950.5,1.56,-0.22,-0.002,2.81
2023-07-25,0.907,0.919,0.921,0.907,2791744,255937758.983,1.56,2.45,0.022,6.21
2023-07-26,0.923,0.918,0.924,0.915,1352928,124399994.825,0.98,-0.11,-0.001,3.01
2023-07-27,0.917,0.928,0.935,0.915,2368042,219869133.637,2.18,1.09,0.01,5.27
2023-07-28,0.924,0.941,0.943,0.919,2007732,186963793.18,2.59,1.4,0.013,4.46
2023-07-31,0.949,0.961,0.973,0.949,3361835,323691082.712,2.55,2.13,0.02,7.47
2023-08-01,0.959,0.946,0.966,0.945,2913367,277875830.85,2.19,-1.56,-0.015,6.48
2023-08-02,0.944,0.937,0.95,0.936,2065309,194708634.986,1.48,-0.95,-0.009,4.59
2023-08-03,0.935,0.942,0.942,0.929,1469993,137511032.7,1.39,0.53,0.005,3.27
2023-08-04,0.948,0.938,0.954,0.938,1795941,169548988.664,1.7,-0.42,-0.004,3.99
2023-08-07,0.937,0.935,0.937,0.93,1188868,110983498.228,0.75,-0.32,-0.003,2.64
2023-08-08,0.932,0.932,0.938,0.923,2234835,208372247.4,1.6,-0.32,-0.003,4.97
2023-08-09,0.932,0.925,0.932,0.922,1068543,99016321.912,1.07,-0.75,-0.007,2.38
2023-08-10,0.925,0.942,0.944,0.925,2470764,231402987.297,2.05,1.84,0.017,5.49
2023-08-11,0.944,0.932,0.954,0.93,2539989,239174733.736,2.55,-1.06,-0.01,5.65
2023-08-14,0.924,0.934,0.936,0.92,3438788,319682659.108,1.72,0.21,0.002,7.65
2023-08-15,0.931,0.911,0.931,0.906,2214420,202893083.3,2.68,-2.46,-0.023,4.92
2023-08-16,0.909,0.908,0.914,0.905,1469014,133570588.5,0.99,-0.33,-0.003,3.27
2023-08-17,0.905,0.912,0.914,0.894,1456476,131724620.7,2.2,0.44,0.004,3.24
2023-08-18,0.912,0.888,0.913,0.888,1742510,156546028.944,2.74,-2.63,-0.024,3.87
2023-08-21,0.889,0.869,0.891,0.868,2260021,197445003.9,2.59,-2.14,-0.019,5.02
2023-08-22,0.87,0.863,0.872,0.846,2437276,208363396.9,2.99,-0.69,-0.006,5.42
2023-08-23,0.859,0.846,0.861,0.845,1242620,105764917.3,1.85,-1.97,-0.017,2.76
2023-08-24,0.846,0.851,0.859,0.843,1272205,108245350.2,1.89,0.59,0.005,2.83
2023-08-25,0.845,0.835,0.849,0.831,1526136,127993041.8,2.12,-1.88,-0.016,3.39
2023-08-28,0.867,0.843,0.874,0.839,2869092,245674829.505,4.19,0.96,0.008,6.38
2023-08-29,0.841,0.86,0.861,0.839,1730921,147662435.36,2.61,2.02,0.017,3.85
2023-08-30,0.86,0.852,0.86,0.848,1681987,143324284.8,1.4,-0.93,-0.008,3.74
2023-08-31,0.852,0.842,0.852,0.836,2635441,221961698.659,1.88,-1.17,-0.01,5.86
2023-09-01,0.846,0.851,0.854,0.845,1715733,145972346.956,1.07,1.07,0.009,3.81
2023-09-04,0.853,0.867,0.868,0.852,2861333,246877439.3,1.88,1.88,0.016,6.36
2023-09-05,0.866,0.863,0.869,0.86,1190519,102852815.9,1.04,-0.46,-0.004,2.65
2023-09-06,0.861,0.855,0.861,0.85,1994052,170434577.3,1.27,-0.93,-0.008,4.43
2023-09-07,0.854,0.85,0.861,0.849,2217372,189323897.797,1.4,-0.58,-0.005,4.93
2023-09-08,0.849,0.85,0.853,0.839,1791948,151629122.7,1.65,0.0,0.0,3.98
2023-09-11,0.85,0.861,0.862,0.846,1817536,155443005.891,1.88,1.29,0.011,4.04
2023-09-12,0.857,0.857,0.863,0.855,1061193,91097210.5,0.93,-0.46,-0.004,2.36
2023-09-13,0.856,0.849,0.86,0.845,1481879,126125187.3,1.75,-0.93,-0.008,3.29
2023-09-14,0.85,0.844,0.854,0.839,1686805,142627016.651,1.77,-0.59,-0.005,3.75
2023-09-15,0.846,0.848,0.854,0.842,1654234,140244386.8,1.42,0.47,0.004,3.68
2023-09-18,0.848,0.866,0.866,0.847,2793106,240289400.889,2.24,2.12,0.018,6.21
2023-09-19,0.862,0.854,0.863,0.848,1959989,167328850.9,1.73,-1.39,-0.012,4.36
2023-09-20,0.85,0.834,0.85,0.834,2184488,183247310.6,1.87,-2.34,-0.02,4.86
2023-09-21,0.831,0.821,0.834,0.82,2141440,176622024.8,1.68,-1.56,-0.013,4.76
2023-09-22,0.82,0.831,0.831,0.816,1980751,163119119.714,1.83,1.22,0.01,4.4
2023-09-25,0.829,0.82,0.829,0.819,1335548,109759564.2,1.2,-1.32,-0.011,2.97
2023-09-26,0.82,0.814,0.823,0.814,1531888,125249383.3,1.1,-0.73,-0.006,3.41
2023-09-27,0.814,0.818,0.825,0.813,2094186,171331571.7,1.47,0.49,0.004,4.66
2023-09-28,0.82,0.818,0.821,0.81,2008740,163585532.377,1.34,0.0,0.0,4.47
2023-10-09,0.811,0.778,0.812,0.778,3628370,284981877.245,4.16,-4.89,-0.04,8.07
2023-10-10,0.781,0.777,0.787,0.775,1660005,129553721.5,1.54,-0.13,-0.001,3.69
2023-10-11,0.778,0.768,0.78,0.766,2840856,219087951.65,1.8,-1.16,-0.009,6.32
2023-10-12,0.771,0.775,0.776,0.77,2025556,156530263.085,0.78,0.91,0.007,4.5
2023-10-13,0.77,0.758,0.771,0.756,2265353,172280253.0,1.94,-2.19,-0.017,5.04
2023-10-16,0.758,0.748,0.758,0.745,1460002,109546618.946,1.72,-1.32,-0.01,3.25
2023-10-17,0.75,0.75,0.752,0.746,1063624,79701106.229,0.8,0.27,0.002,2.36
2023-10-18,0.746,0.733,0.747,0.733,2001306,147698933.813,1.87,-2.27,-0.017,4.45
2023-10-19,0.73,0.726,0.737,0.725,2013708,146864961.0,1.64,-0.95,-0.007,4.48
2023-10-20,0.724,0.722,0.728,0.72,1271662,92081151.275,1.1,-0.55,-0.004,2.83
2023-10-23,0.719,0.707,0.72,0.702,1739326,123654601.364,2.49,-2.08,-0.015,3.87
2023-10-24,0.709,0.715,0.716,0.706,1903349,135566828.91,1.41,1.13,0.008,4.23
2023-10-25,0.72,0.73,0.736,0.719,1993922,145767936.591,2.38,2.1,0.015,4.43
2023-10-26,0.726,0.732,0.733,0.723,1160820,84481272.7,1.37,0.27,0.002,2.58
2023-10-27,0.732,0.751,0.754,0.73,2182844,162668919.349,3.28,2.6,0.019,4.85
2023-10-30,0.75,0.759,0.761,0.749,1546898,116989153.644,1.6,1.07,0.008,3.44
2023-10-31,0.758,0.758,0.763,0.752,1107597,83907539.818,1.45,-0.13,-0.001,2.46
2023-11-01,0.76,0.753,0.761,0.751,1158326,87528229.1,1.32,-0.66,-0.005,2.58
2023-11-02,0.755,0.747,0.758,0.747,754361,56720853.6,1.46,-0.8,-0.006,1.68
2023-11-03,0.749,0.753,0.756,0.747,770802,57973023.2,1.2,0.8,0.006,1.71
2023-11-06,0.755,0.762,0.762,0.753,1215714,92251594.511,1.2,1.2,0.009,2.7
2023-11-07,0.76,0.754,0.76,0.749,996256,75020705.884,1.44,-1.05,-0.008,2.22
2023-11-08,0.754,0.756,0.762,0.751,847015,64061348.668,1.46,0.27,0.002,1.88
2023-11-09,0.755,0.753,0.759,0.752,613852,46388090.9,0.93,-0.4,-0.003,1.36
2023-11-10,0.752,0.747,0.752,0.743,872765,65131607.114,1.2,-0.8,-0.006,1.94
2023-11-13,0.748,0.751,0.756,0.747,731461,54954508.224,1.2,0.54,0.004,1.63
2023-11-14,0.751,0.753,0.757,0.748,737734,55487500.9,1.2,0.27,0.002,1.64
2023-11-15,0.758,0.755,0.761,0.753,953965,72158043.863,1.06,0.27,0.002,2.12
2023-11-16,0.755,0.754,0.757,0.748,1154324,86892985.3,1.19,-0.13,-0.001,2.57
2023-11-17,0.752,0.752,0.757,0.749,763871,57435451.6,1.06,-0.27,-0.002,1.7
2023-11-20,0.753,0.765,0.767,0.752,1784905,135784587.741,1.99,1.73,0.013,3.97
2023-11-21,0.766,0.765,0.774,0.763,1228604,94539554.9,1.44,0.0,0.0,2.73
2023-11-22,0.763,0.758,0.768,0.758,1058913,80771284.5,1.31,-0.92,-0.007,2.35
2023-11-23,0.758,0.762,0.762,0.751,863048,65374526.4,1.45,0.53,0.004,1.92
2023-11-24,0.762,0.758,0.764,0.756,812660,61747434.178,1.05,-0.52,-0.004,1.81
2023-11-27,0.761,0.757,0.764,0.751,959539,72580151.4,1.72,-0.13,-0.001,2.13
2023-11-28,0.754,0.754,0.757,0.749,749297,56400778.3,1.06,-0.4,-0.003,1.67
2023-11-29,0.754,0.747,0.755,0.745,684632,51325880.9,1.33,-0.93,-0.007,1.52
2023-11-30,0.746,0.757,0.758,0.743,1024738,77111171.247,2.01,1.34,0.01,2.28
2023-12-01,0.756,0.747,0.758,0.742,922640,69035601.5,2.11,-1.32,-0.01,2.05
2023-12-04,0.746,0.748,0.754,0.742,1113099,83455166.4,1.61,0.13,0.001,2.47
2023-12-05,0.748,0.731,0.749,0.73,973266,71955615.34,2.54,-2.27,-0.017,2.16
2023-12-06,0.732,0.732,0.737,0.723,687365,50205220.719,1.92,0.14,0.001,1.53
2023-12-07,0.733,0.726,0.734,0.722,582757,42325683.45,1.64,-0.82,-0.006,1.3
2023-12-08,0.727,0.722,0.733,0.722,659099,47910018.7,1.52,-0.55,-0.004,1.47
2023-12-11,0.722,0.723,0.725,0.71,781679,55961678.06,2.08,0.14,0.001,1.74
2023-12-12,0.722,0.729,0.73,0.72,686018,49871516.788,1.38,0.83,0.006,1.53
2023-12-13,0.727,0.71,0.728,0.709,2555993,182637273.638,2.61,-2.61,-0.019,5.68
2023-12-14,0.713,0.712,0.723,0.709,1012647,72397099.877,1.97,0.28,0.002,2.25
2023-12-15,0.714,0.711,0.719,0.709,941345,67129971.194,1.4,-0.14,-0.001,2.09
2023-12-18,0.707,0.694,0.709,0.692,1129909,78868178.496,2.39,-2.39,-0.017,2.51
2023-12-19,0.693,0.697,0.703,0.692,1152923,80506993.508,1.59,0.43,0.003,2.56
2023-12-20,0.699,0.684,0.7,0.683,788048,54315685.0,2.44,-1.87,-0.013,1.75
2023-12-21,0.681,0.692,0.696,0.679,1176394,80991265.2,2.49,1.17,0.008,2.62
2023-12-22,0.692,0.688,0.694,0.684,740018,50937387.4,1.45,-0.58,-0.004,1.65
2023-12-25,0.684,0.686,0.689,0.681,621838,42558895.0,1.16,-0.29,-0.002,1.38
2023-12-26,0.687,0.677,0.687,0.676,672813,45691977.175,1.6,-1.31,-0.009,1.5
2023-12-27,0.68,0.675,0.682,0.67,911127,61424024.6,1.77,-0.3,-0.002,2.03
2023-12-28,0.675,0.701,0.702,0.671,1260083,86913598.519,4.59,3.85,0.026,2.8
2023-12-29,0.7,0.7,0.705,0.696,759429,53159934.675,1.28,-0.14,-0.001,1.69
2024-01-02,0.702,0.696,0.702,0.694,656883,45826835.8,1.14,-0.57,-0.004,1.46
2024-01-03,0.696,0.704,0.704,0.694,969306,67893089.9,1.44,1.15,0.008,2.16
2024-01-04,0.704,0.697,0.705,0.692,712455,49767127.7,1.85,-0.99,-0.007,1.58
2024-01-05,0.697,0.688,0.704,0.687,840512,58619303.5,2.44,-1.29,-0.009,1.87
2024-01-08,0.689,0.681,0.695,0.68,833651,57405833.3,2.18,-1.02,-0.007,1.85
2024-01-09,0.685,0.709,0.714,0.685,2672203,188297301.252,4.26,4.11,0.028,5.94
2024-01-10,0.706,0.708,0.711,0.696,1487735,104822206.95,2.12,-0.14,-0.001,3.31
2024-01-11,0.704,0.708,0.714,0.702,1261103,89209736.3,1.69,0.0,0.0,2.8
2024-01-12,0.706,0.706,0.712,0.7,1121351,79196108.1,1.69,-0.28,-0.002,2.49
2024-01-15,0.702,0.725,0.727,0.7,2571692,185406893.276,3.82,2.69,0.019,5.72
2024-01-16,0.725,0.735,0.74,0.721,2831174,207809020.408,2.62,1.38,0.01,6.29
2024-01-17,0.731,0.712,0.734,0.712,1936912,139547648.908,2.99,-3.13,-0.023,4.31
2024-01-18,0.707,0.713,0.715,0.694,1675606,117661439.006,2.95,0.14,0.001,3.73
2024-01-19,0.708,0.724,0.731,0.706,1690201,121445004.288,3.51,1.54,0.011,3.76
2024-01-22,0.72,0.689,0.72,0.686,1455677,102558999.2,4.7,-4.83,-0.035,3.24
2024-01-23,0.686,0.69,0.693,0.673,1426450,97351698.335,2.9,0.15,0.001,3.17
2024-01-24,0.69,0.702,0.702,0.677,1492594,103005215.832,3.62,1.74,0.012,3.32
2024-01-25,0.698,0.724,0.724,0.692,1617681,114815663.656,4.56,3.13,0.022,3.6
2024-01-26,0.723,0.725,0.733,0.719,2205628,160523811.68,1.93,0.14,0.001,4.9
2024-01-29,0.726,0.714,0.729,0.714,1630122,117805429.64,2.07,-1.52,-0.011,3.62
2024-01-30,0.71,0.694,0.712,0.692,1300679,91450013.7,2.8,-2.8,-0.02,2.89
2024-01-31,0.685,0.664,0.685,0.662,2133262,143350749.0,3.31,-4.32,-0.03,4.74
2024-02-01,0.661,0.66,0.669,0.648,2021721,132975096.859,3.16,-0.6,-0.004,4.5
2024-02-02,0.659,0.653,0.67,0.633,1431753,93836932.866,5.61,-1.06,-0.007,3.18
2024-02-05,0.645,0.633,0.648,0.617,1432992,90700052.4,4.75,-3.06,-0.02,3.19
2024-02-06,0.625,0.661,0.665,0.617,1482151,94680404.5,7.58,4.42,0.028,3.3
2024-02-07,0.664,0.674,0.675,0.655,1654908,110626992.918,3.03,1.97,0.013,3.68
2024-02-08,0.675,0.691,0.691,0.674,1364144,93515356.875,2.52,2.52,0.017,3.03
2024-02-19,0.709,0.698,0.712,0.692,1588227,111864126.0,2.89,1.01,0.007,3.53
2024-02-20,0.697,0.699,0.701,0.691,798237,55592221.756,1.43,0.14,0.001,1.77
2024-02-21,0.697,0.709,0.72,0.692,1432408,101467186.225,4.01,1.43,0.01,3.18
2024-02-22,0.707,0.712,0.716,0.704,1020867,72495766.975,1.69,0.42,0.003,2.27
2024-02-23,0.712,0.71,0.712,0.701,836939,59147792.8,1.54,-0.28,-0.002,1.86
2024-02-26,0.706,0.703,0.71,0.699,1333983,93883615.308,1.55,-0.99,-0.007,2.97
2024-02-27,0.702,0.71,0.71,0.699,693112,48962770.438,1.56,1.0,0.007,1.54
2024-02-28,0.709,0.697,0.722,0.697,1524798,108681505.666,3.52,-1.83,-0.013,3.39
2024-02-29,0.694,0.709,0.709,0.692,1438493,100969642.3,2.44,1.72,0.012,3.2
2024-03-01,0.707,0.705,0.708,0.698,1050140,73901872.4,1.41,-0.56,-0.004,2.33
2024-03-04,0.706,0.7,0.708,0.695,923545,64652190.992,1.84,-0.71,-0.005,2.05
2024-03-05,0.699,0.697,0.707,0.695,884369,61879585.996,1.71,-0.43,-0.003,1.97
2024-03-06,0.695,0.698,0.701,0.691,880981,61279036.1,1.43,0.14,0.001,1.96
2024-03-07,0.698,0.7,0.702,0.691,1331921,92955703.3,1.58,0.29,0.002,2.96
2024-03-08,0.698,0.69,0.698,0.685,1153497,79591706.8,1.86,-1.43,-0.01,2.56
2024-03-11,0.687,0.704,0.704,0.686,1182414,82258610.1,2.61,2.03,0.014,2.63
2024-03-12,0.704,0.725,0.725,0.701,1598275,114182038.267,3.41,2.98,0.021,3.55
2024-03-13,0.722,0.718,0.722,0.714,1185057,85143019.8,1.1,-0.97,-0.007,2.63
2024-03-14,0.717,0.725,0.731,0.716,1400942,101692143.8,2.09,0.97,0.007,3.11
2024-03-15,0.723,0.728,0.737,0.719,1100178,80182244.8,2.48,0.41,0.003,2.45
2024-03-18,0.728,0.734,0.734,0.726,1115457,81417490.007,1.1,0.82,0.006,2.48
2024-03-19,0.733,0.724,0.734,0.724,900320,65630063.9,1.36,-1.36,-0.01,2.0
2024-03-20,0.724,0.729,0.729,0.723,576766,41887609.6,0.83,0.69,0.005,1.28
2024-03-21,0.731,0.732,0.735,0.725,1034473,75617882.8,1.37,0.41,0.003,2.3
2024-03-22,0.73,0.717,0.731,0.715,953089,68709852.6,2.19,-2.05,-0.015,2.12
2024-03-25,0.714,0.705,0.716,0.705,838457,59500560.4,1.53,-1.67,-0.012,1.86
2024-03-26,0.706,0.704,0.708,0.696,806922,56612023.4,1.7,-0.14,-0.001,1.79
2024-03-27,0.702,0.696,0.707,0.694,755111,52941402.0,1.85,-1.14,-0.008,1.68
2024-03-28,0.695,0.705,0.709,0.691,910804,63997436.4,2.59,1.29,0.009,2.03
2024-03-29,0.705,0.706,0.708,0.697,1032204,72581396.6,1.56,0.14,0.001,2.29
2024-04-01,0.708,0.725,0.726,0.708,1193187,85806190.908,2.55,2.69,0.019,2.65
2024-04-02,0.725,0.723,0.727,0.719,1050504,75879427.5,1.1,-0.28,-0.002,2.34
2024-04-03,0.721,0.716,0.722,0.713,957966,68652833.8,1.24,-0.97,-0.007,2.13
2024-04-08,0.72,0.705,0.721,0.704,1393756,99374415.7,2.37,-1.54,-0.011,3.1
2024-04-09,0.701,0.717,0.721,0.701,1253173,89396023.2,2.84,1.7,0.012,2.79
2024-04-10,0.716,0.716,0.721,0.707,1528043,109267570.83,1.95,-0.14,-0.001,3.4
2024-04-11,0.71,0.725,0.726,0.706,2084164,149593918.3,2.79,1.26,0.009,4.63
2024-04-12,0.724,0.721,0.73,0.716,2179271,157307970.284,1.93,-0.55,-0.004,4.85
2024-04-15,0.719,0.715,0.727,0.703,1865024,133387924.652,3.33,-0.83,-0.006,4.15
2024-04-16,0.707,0.684,0.709,0.682,2479931,171633561.1,3.78,-4.34,-0.031,5.51
2024-04-17,0.684,0.697,0.7,0.683,2270931,157689156.224,2.49,1.9,0.013,5.05
2024-04-18,0.696,0.7,0.707,0.692,1370734,96223783.066,2.15,0.43,0.003,3.05
2024-04-19,0.697,0.684,0.698,0.681,1290512,88719087.7,2.43,-2.29,-0.016,2.87
2024-04-22,0.684,0.697,0.698,0.674,1731848,118879685.2,3.51,1.9,0.013,3.85
2024-04-23,0.692,0.688,0.694,0.686,1097557,75697516.4,1.15,-1.29,-0.009,2.44
2024-04-24,0.687,0.694,0.694,0.685,911012,62860345.251,1.31,0.87,0.006,2.03
2024-04-25,0.691,0.696,0.7,0.688,993833,68986250.358,1.73,0.29,0.002,2.21
2024-04-26,0.697,0.706,0.706,0.692,1426852,100044323.295,2.01,1.44,0.01,3.17
2024-04-29,0.705,0.715,0.716,0.698,3381550,240266350.246,2.55,1.27,0.009,7.52
2024-04-30,0.712,0.706,0.712,0.698,1866636,131280251.6,1.96,-1.26,-0.009,4.15
2024-05-06,0.709,0.706,0.709,0.701,1735866,122461750.2,1.13,0.0,0.0,3.86
2024-05-07,0.705,0.702,0.705,0.697,1140054,79924271.1,1.13,-0.57,-0.004,2.53
2024-05-08,0.7,0.69,0.701,0.69,1200910,83235272.4,1.57,-1.71,-0.012,2.67
2024-05-09,0.69,0.697,0.699,0.688,1125827,78387814.2,1.59,1.01,0.007,2.5
2024-05-10,0.697,0.7,0.703,0.694,1181641,82719251.3,1.29,0.43,0.003,2.63
2024-05-13,0.699,0.692,0.699,0.686,1429411,98835061.0,1.86,-1.14,-0.008,3.18
2024-05-14,0.693,0.692,0.696,0.689,1036477,71777788.388,1.01,0.0,0.0,2.3
2024-05-15,0.692,0.69,0.694,0.687,1033435,71381353.2,1.01,-0.29,-0.002,2.3
2024-05-16,0.69,0.693,0.699,0.689,1474547,102432855.684,1.45,0.43,0.003,3.28
2024-05-17,0.695,0.71,0.71,0.69,1642274,115103107.1,2.89,2.45,0.017,3.65
2024-05-20,0.721,0.725,0.729,0.713,3210495,231926970.2,2.25,2.11,0.015,7.14
2024-05-21,0.72,0.723,0.73,0.716,1675606,121258014.3,1.93,-0.28,-0.002,3.73
2024-05-22,0.722,0.723,0.726,0.719,1576553,113905488.4,0.97,0.0,0.0,3.51
2024-05-23,0.721,0.7,0.721,0.7,1917335,135656108.2,2.9,-3.18,-0.023,4.26
2024-05-24,0.697,0.693,0.703,0.691,1228539,85552182.1,1.71,-1.0,-0.007,2.73
2024-05-27,0.694,0.695,0.697,0.687,1284368,88696647.6,1.44,0.29,0.002,2.86
2024-05-28,0.692,0.689,0.696,0.686,1135219,78361723.754,1.44,-0.86,-0.006,2.52
2024-05-29,0.686,0.693,0.694,0.686,909664,62853901.8,1.16,0.58,0.004,2.02
2024-05-30,0.691,0.685,0.692,0.685,1166355,80158886.6,1.01,-1.15,-0.008,2.59
2024-05-31,0.687,0.686,0.69,0.686,603223,41481070.9,0.58,0.15,0.001,1.34
2024-06-03,0.686,0.678,0.686,0.673,1541455,104491691.5,1.9,-1.17,-0.008,3.43
2024-06-04,0.677,0.688,0.688,0.673,1002728,68350457.04,2.21,1.47,0.01,2.23
2024-06-05,0.686,0.682,0.69,0.682,828929,56898810.2,1.16,-0.87,-0.006,1.84
2024-06-06,0.685,0.668,0.685,0.667,1770474,119295292.9,2.64,-2.05,-0.014,3.94
2024-06-07,0.671,0.674,0.676,0.667,795594,53433930.4,1.35,0.9,0.006,1.77
2024-06-11,0.67,0.665,0.672,0.661,1083259,72050928.6,1.63,-1.34,-0.009,2.41
2024-06-12,0.665,0.665,0.667,0.661,815649,54160311.1,0.9,0.0,0.0,1.81
2024-06-13,0.665,0.657,0.666,0.653,1487634,97751272.9,1.95,-1.2,-0.008,3.31
2024-06-14,0.658,0.661,0.662,0.653,961921,63288241.5,1.37,0.61,0.004,2.14
2024-06-17,0.658,0.66,0.662,0.655,547117,36036176.7,1.06,-0.15,-0.001,1.22
2024-06-18,0.661,0.662,0.666,0.658,719818,47605852.1,1.21,0.3,0.002,1.6
2024-06-19,0.661,0.651,0.661,0.65,1354560,88390109.28,1.66,-1.66,-0.011,3.01
2024-06-20,0.649,0.636,0.65,0.634,1525829,97521344.3,2.46,-2.3,-0.015,3.39
2024-06-21,0.635,0.636,0.639,0.631,1503387,95583712.0,1.26,0.0,0.0,3.34
2024-06-24,0.632,0.622,0.632,0.618,1376912,85826422.9,2.2,-2.2,-0.014,3.06
2024-06-25,0.622,0.625,0.628,0.62,1894236,118096997.9,1.29,0.48,0.003,4.21
2024-06-26,0.623,0.632,0.632,0.618,1146236,71540721.3,2.24,1.12,0.007,2.55
2024-06-27,0.63,0.625,0.632,0.624,907289,57008626.4,1.27,-1.11,-0.007,2.02
2024-06-28,0.625,0.626,0.631,0.623,837023,52465713.13,1.28,0.16,0.001,1.86
2024-07-01,0.625,0.634,0.634,0.624,1048668,66106841.589,1.6,1.28,0.008,2.33
2024-07-02,0.634,0.631,0.637,0.629,833076,52767990.631,1.26,-0.47,-0.003,1.85
2024-07-03,0.632,0.646,0.65,0.632,1858618,119359456.4,2.85,2.38,0.015,4.13
2024-07-04,0.642,0.624,0.642,0.622,1384274,87256677.1,3.1,-3.41,-0.022,3.08
2024-07-05,0.623,0.627,0.629,0.618,1368396,85495143.2,1.76,0.48,0.003,3.04
2024-07-08,0.623,0.616,0.629,0.615,1182165,73414745.6,2.23,-1.75,-0.011,2.63
2024-07-09,0.617,0.624,0.624,0.609,1445996,89239998.9,2.44,1.3,0.008,3.22
2024-07-10,0.62,0.617,0.624,0.615,900129,55698606.5,1.44,-1.12,-0.007,2.0
2024-07-11,0.623,0.64,0.642,0.622,2048392,129518596.1,3.24,3.73,0.023,4.55
2024-07-12,0.641,0.643,0.651,0.639,1646858,106064573.5,1.88,0.47,0.003,3.66
2024-07-15,0.637,0.637,0.639,0.632,924731,58810139.6,1.09,-0.93,-0.006,2.06
2024-07-16,0.634,0.638,0.639,0.633,680069,43255108.9,0.94,0.16,0.001,1.51
2024-07-17,0.637,0.644,0.649,0.635,1464996,94142480.6,2.19,0.94,0.006,3.26
2024-07-18,0.641,0.646,0.647,0.635,1065417,68271261.7,1.86,0.31,0.002,2.37
2024-07-19,0.641,0.646,0.646,0.638,940694,60480904.6,1.24,0.0,0.0,2.09
2024-07-22,0.647,0.643,0.647,0.639,848346,54470065.1,1.24,-0.46,-0.003,1.89
2024-07-23,0.644,0.629,0.645,0.629,908967,57999688.024,2.49,-2.18,-0.014,2.02
2024-07-24,0.628,0.62,0.634,0.617,1406221,87677200.93,2.7,-1.43,-0.009,3.13
2024-07-25,0.616,0.623,0.629,0.615,899590,56152885.9,2.26,0.48,0.003,2.0
2024-07-26,0.623,0.628,0.633,0.623,735801,46182519.04,1.61,0.8,0.005,1.64
2024-07-29,0.628,0.62,0.629,0.618,831808,51666142.7,1.75,-1.27,-0.008,1.85
2024-07-30,0.619,0.62,0.622,0.616,539032,33368688.6,0.97,0.0,0.0,1.2
2024-07-31,0.621,0.645,0.647,0.62,1574341,100406708.0,4.35,4.03,0.025,3.5
2024-08-01,0.641,0.642,0.646,0.637,1174087,75304162.4,1.4,-0.47,-0.003,2.61
2024-08-02,0.637,0.642,0.648,0.636,1005126,64716324.4,1.87,0.0,0.0,2.23
2024-08-05,0.65,0.648,0.662,0.647,2159307,141195261.4,2.34,0.93,0.006,4.8
2024-08-06,0.653,0.659,0.659,0.649,1411020,92329712.857,1.54,1.7,0.011,3.14
2024-08-07,0.655,0.65,0.656,0.646,1762190,114513162.2,1.52,-1.37,-0.009,3.92
2024-08-08,0.648,0.651,0.655,0.645,906303,59012540.3,1.54,0.15,0.001,2.02
2024-08-09,0.652,0.64,0.652,0.639,993954,64134193.3,2.0,-1.69,-0.011,2.21
2024-08-12,0.637,0.627,0.639,0.624,918392,57794388.3,2.34,-2.03,-0.013,2.04
2024-08-13,0.626,0.623,0.627,0.618,1060403,65820097.618,1.44,-0.64,-0.004,2.36
2024-08-14,0.623,0.619,0.624,0.617,692456,42903883.2,1.12,-0.64,-0.004,1.54
2024-08-15,0.617,0.625,0.626,0.614,1207125,74916096.1,1.94,0.97,0.006,2.68
2024-08-16,0.624,0.621,0.624,0.618,809633,50223786.7,0.96,-0.64,-0.004,1.8
2024-08-19,0.62,0.623,0.624,0.619,680491,42363287.1,0.81,0.32,0.002,1.51
2024-08-20,0.624,0.615,0.624,0.614,952992,58783675.2,1.61,-1.28,-0.008,2.12
2024-08-21,0.613,0.615,0.618,0.613,532088,32764127.6,0.81,0.0,0.0,1.18
2024-08-22,0.614,0.603,0.616,0.602,1618815,98404129.1,2.28,-1.95,-0.012,3.6
2024-08-23,0.601,0.606,0.607,0.599,792594,47803966.4,1.33,0.5,0.003,1.76
2024-08-26,0.606,0.606,0.61,0.602,542192,32849372.7,1.32,0.0,0.0,1.21
2024-08-27,0.605,0.599,0.606,0.598,639161,38399570.0,1.32,-1.16,-0.007,1.42
2024-08-28,0.604,0.598,0.606,0.597,573375,34463792.7,1.5,-0.17,-0.001,1.27
2024-08-29,0.596,0.601,0.602,0.59,1112945,66560289.2,2.01,0.5,0.003,2.47
2024-08-30,0.601,0.613,0.62,0.599,1300494,79505175.6,3.49,2.0,0.012,2.89
2024-09-02,0.611,0.601,0.612,0.601,904825,54984946.8,1.79,-1.96,-0.012,2.01
2024-09-03,0.602,0.606,0.609,0.602,620889,37577650.6,1.16,0.83,0.005,1.38
2024-09-04,0.604,0.604,0.61,0.602,905409,54893183.9,1.32,-0.33,-0.002,2.01
2024-09-05,0.607,0.609,0.611,0.605,767735,46678477.6,0.99,0.83,0.005,1.71
2024-09-06,0.609,0.603,0.611,0.602,790277,47991302.6,1.48,-0.99,-0.006,1.76
2024-09-09,0.601,0.6,0.606,0.598,559300,33667443.5,1.33,-0.5,-0.003,1.24
2024-09-10,0.601,0.59,0.601,0.58,1188937,69959949.7,3.5,-1.67,-0.01,2.64
2024-09-11,0.586,0.587,0.591,0.585,455027,26731042.5,1.02,-0.51,-0.003,1.01
2024-09-12,0.586,0.585,0.592,0.583,506094,29702377.9,1.53,-0.34,-0.002,1.13
2024-09-13,0.585,0.579,0.585,0.579,509195,29604709.9,1.03,-1.03,-0.006,1.13
2024-09-18,0.579,0.573,0.58,0.566,1110665,63316650.0,2.42,-1.04,-0.006,2.47
2024-09-19,0.574,0.584,0.589,0.574,968310,56316172.6,2.62,1.92,0.011,2.15
2024-09-20,0.581,0.585,0.585,0.578,846880,49199270.5,1.2,0.17,0.001,1.88
2024-09-23,0.584,0.582,0.586,0.579,639260,37238324.3,1.2,-0.51,-0.003,1.42
2024-09-24,0.585,0.604,0.604,0.584,1555957,92390889.7,3.44,3.78,0.022,3.46
2024-09-25,0.607,0.613,0.622,0.606,1739605,107146568.9,2.65,1.49,0.009,3.87
2024-09-26,0.611,0.651,0.652,0.611,2851424,180531758.172,6.69,6.2,0.038,6.34
2024-09-27,0.662,0.691,0.691,0.661,3421010,230410368.265,4.61,6.14,0.04,7.61
2024-09-30,0.729,0.76,0.76,0.702,6385539,468580988.048,8.39,9.99,0.069,14.2
2024-10-08,0.833,0.75,0.833,0.718,8119417,622777950.638,15.13,-1.32,-0.01,18.05
2024-10-09,0.724,0.677,0.731,0.676,4203904,293736815.1,7.33,-9.73,-0.073,9.35
2024-10-10,0.682,0.686,0.7,0.671,2692686,185085946.2,4.28,1.33,0.009,5.99
2024-10-11,0.681,0.671,0.686,0.665,1734623,117027147.676,3.06,-2.19,-0.015,3.86
2024-10-14,0.668,0.671,0.674,0.655,1692270,112678272.082,2.83,0.0,0.0,3.76
2024-10-15,0.668,0.657,0.672,0.657,1092421,72665160.9,2.24,-2.09,-0.014,2.43
2024-10-16,0.65,0.657,0.664,0.648,1516405,99429979.0,2.44,0.0,0.0,3.37
2024-10-17,0.659,0.65,0.664,0.65,1385877,91118430.1,2.13,-1.07,-0.007,3.08
2024-10-18,0.65,0.669,0.679,0.648,1832918,121520840.1,4.77,2.92,0.019,4.08
2024-10-21,0.672,0.69,0.699,0.667,2975276,203707398.754,4.78,3.14,0.021,6.62
2024-10-22,0.695,0.691,0.695,0.682,1896444,130434679.5,1.88,0.14,0.001,4.22
2024-10-23,0.69,0.696,0.698,0.689,1861490,129261803.5,1.3,0.72,0.005,4.14
2024-10-24,0.69,0.686,0.695,0.684,1011104,69585411.0,1.58,-1.44,-0.01,2.25
2024-10-25,0.686,0.692,0.696,0.684,1367189,94303014.978,1.75,0.87,0.006,3.04
2024-10-28,0.69,0.701,0.702,0.689,1705621,118879037.7,1.88,1.3,0.009,3.79
2024-10-29,0.705,0.692,0.706,0.691,1775815,124173594.329,2.14,-1.28,-0.009,3.95
2024-10-30,0.69,0.695,0.699,0.688,1084728,75217585.265,1.59,0.43,0.003,2.41
2024-10-31,0.691,0.69,0.695,0.682,1291294,88998154.6,1.87,-0.72,-0.005,2.87
2024-11-01,0.687,0.69,0.699,0.681,1402997,96930961.3,2.61,0.0,0.0,3.12
2024-11-04,0.691,0.703,0.703,0.688,1524870,105811551.1,2.17,1.88,0.013,3.39
2024-11-05,0.701,0.715,0.716,0.698,1701302,120970232.59,2.56,1.71,0.012,3.78
2024-11-06,0.715,0.719,0.724,0.707,1571030,112513711.39,2.38,0.56,0.004,3.49
2024-11-07,0.712,0.753,0.754,0.712,3003177,222811330.4,5.84,4.73,0.034,6.68
2024-11-08,0.756,0.744,0.76,0.736,3634800,270491908.1,3.19,-1.2,-0.009,8.08
2024-11-11,0.735,0.737,0.737,0.725,1858997,136046682.316,1.61,-0.94,-0.007,4.13
2024-11-12,0.737,0.739,0.746,0.732,3482066,257695526.7,1.9,0.27,0.002,7.74
2024-11-13,0.745,0.727,0.745,0.717,3244296,235557070.4,3.79,-1.62,-0.012,7.21
2024-11-14,0.72,0.711,0.724,0.71,1705916,122541777.0,1.93,-2.2,-0.016,3.79
2024-11-15,0.709,0.708,0.721,0.707,1379343,98687897.3,1.97,-0.42,-0.003,3.07
2024-11-18,0.707,0.705,0.717,0.7,1373263,97444543.4,2.4,-0.42,-0.003,3.05
2024-11-19,0.705,0.709,0.709,0.695,2866227,201147102.6,1.99,0.57,0.004,6.37
2024-11-20,0.706,0.715,0.717,0.705,971488,69116649.5,1.69,0.85,0.006,2.16
2024-11-21,0.715,0.712,0.715,0.706,942382,66926972.5,1.26,-0.42,-0.003,2.1
2024-11-22,0.71,0.695,0.718,0.694,1396067,98773557.126,3.37,-2.39,-0.017,3.1
2024-11-25,0.695,0.701,0.711,0.693,1526731,107632722.876,2.59,0.86,0.006,3.39
2024-11-26,0.698,0.71,0.715,0.698,1513205,107073290.1,2.43,1.28,0.009,3.36
2024-11-27,0.707,0.718,0.718,0.701,1222372,86731189.6,2.39,1.13,0.008,2.72
2024-11-28,0.718,0.718,0.727,0.714,1570646,112999215.7,1.81,0.0,0.0,3.49
2024-11-29,0.715,0.721,0.723,0.712,1090726,78357515.4,1.53,0.42,0.003,2.43
2024-12-02,0.72,0.736,0.738,0.72,1835063,134101533.672,2.5,2.08,0.015,4.08
2024-12-03,0.736,0.728,0.736,0.724,1147125,83637090.8,1.63,-1.09,-0.008,2.55
2024-12-04,0.725,0.717,0.73,0.713,1314861,94824937.752,2.34,-1.51,-0.011,2.92
2024-12-05,0.716,0.724,0.725,0.714,876767,63182343.8,1.53,0.98,0.007,1.95
2024-12-06,0.727,0.74,0.743,0.722,1672286,122776511.2,2.9,2.21,0.016,3.72
2024-12-09,0.739,0.737,0.745,0.731,1181713,87350881.3,1.89,-0.41,-0.003,2.63
2024-12-10,0.76,0.749,0.767,0.747,4135093,312822344.58,2.71,1.63,0.012,9.19
2024-12-11,0.746,0.761,0.761,0.745,2078769,157323448.2,2.14,1.6,0.012,4.62
2024-12-12,0.761,0.779,0.779,0.757,3860131,297854864.631,2.89,2.37,0.018,8.58
2024-12-13,0.773,0.776,0.79,0.768,3138656,242976479.527,2.82,-0.39,-0.003,6.98
2024-12-16,0.779,0.773,0.787,0.766,2135464,165609617.071,2.71,-0.39,-0.003,4.75
2024-12-17,0.767,0.745,0.768,0.744,2732464,204994378.612,3.1,-3.62,-0.028,6.08
2024-12-18,0.746,0.745,0.751,0.739,1635419,121689439.8,1.61,0.0,0.0,3.64
2024-12-19,0.736,0.738,0.741,0.722,1389538,101656093.14,2.55,-0.94,-0.007,3.09
2024-12-20,0.735,0.734,0.744,0.731,963477,71135046.8,1.76,-0.54,-0.004,2.14
2024-12-23,0.736,0.719,0.736,0.718,1247983,90646971.6,2.45,-2.04,-0.015,2.77
2024-12-24,0.718,0.723,0.725,0.714,1552366,111602062.9,1.53,0.56,0.004,3.45
2024-12-25,0.723,0.718,0.724,0.709,1310770,93750838.7,2.07,-0.69,-0.005,2.91
2024-12-26,0.718,0.719,0.722,0.717,1821904,131134622.1,0.7,0.14,0.001,4.05
2024-12-27,0.72,0.728,0.732,0.716,1765606,128363654.4,2.23,1.25,0.009,3.93
2024-12-30,0.725,0.714,0.725,0.712,2370439,169936705.78,1.79,-1.92,-0.014,5.27
2024-12-31,0.714,0.705,0.721,0.704,1637587,116651735.2,2.38,-1.26,-0.009,3.64
2025-01-02,0.704,0.696,0.714,0.691,1870304,131788054.0,3.26,-1.28,-0.009,4.16
2025-01-03,0.698,0.673,0.699,0.672,1324459,90258210.1,3.88,-3.3,-0.023,2.94
2025-01-06,0.671,0.664,0.672,0.658,1106763,73582899.2,2.08,-1.34,-0.009,2.46
2025-01-07,0.662,0.667,0.669,0.659,1061907,70525007.0,1.51,0.45,0.003,2.36
2025-01-08,0.667,0.663,0.667,0.651,1000542,65944503.6,2.4,-0.6,-0.004,2.22
2025-01-09,0.66,0.66,0.666,0.657,805850,53307284.5,1.36,-0.45,-0.003,1.79
2025-01-10,0.657,0.644,0.662,0.644,907882,59187469.5,2.73,-2.42,-0.016,2.02
2025-01-13,0.642,0.645,0.646,0.635,752188,48196169.2,1.71,0.16,0.001,1.67
2025-01-14,0.65,0.67,0.671,0.65,1475435,97448283.1,3.26,3.88,0.025,3.28
2025-01-15,0.669,0.672,0.676,0.664,1023318,68701376.6,1.79,0.3,0.002,2.28
2025-01-16,0.671,0.675,0.683,0.668,963327,65125924.7,2.23,0.45,0.003,2.14
2025-01-17,0.673,0.677,0.68,0.666,1115381,75398613.9,2.07,0.3,0.002,2.48
2025-01-20,0.679,0.68,0.69,0.677,1283427,87814307.3,1.92,0.44,0.003,2.85
2025-01-21,0.683,0.678,0.687,0.674,735546,49888894.3,1.91,-0.29,-0.002,1.64
2025-01-22,0.675,0.663,0.676,0.662,1096111,73109280.3,2.06,-2.21,-0.015,2.44
2025-01-23,0.669,0.663,0.676,0.663,1456893,97328365.651,1.96,0.0,0.0,3.24
2025-01-24,0.661,0.672,0.672,0.661,1111202,74018478.4,1.66,1.36,0.009,2.47
2025-01-27,0.673,0.671,0.677,0.667,1575454,106040482.6,1.49,-0.15,-0.001,3.5
2025-02-05,0.67,0.654,0.671,0.651,2390865,156768003.8,2.98,-2.53,-0.017,5.32
2025-02-06,0.653,0.658,0.658,0.647,906534,59195549.8,1.68,0.61,0.004,2.02
2025-02-07,0.658,0.662,0.666,0.654,1806733,119129926.2,1.82,0.61,0.004,4.02
2025-02-10,0.663,0.673,0.673,0.66,1593898,106244739.3,1.96,1.66,0.011,3.54
2025-02-11,0.674,0.664,0.674,0.659,1062384,70387729.1,2.23,-1.34,-0.009,2.36
2025-02-12,0.664,0.666,0.668,0.66,858147,56961049.0,1.2,0.3,0.002,1.91
2025-02-13,0.665,0.67,0.672,0.664,1145290,76579717.1,1.2,0.6,0.004,2.55
2025-02-14,0.668,0.666,0.668,0.662,1146437,76185777.256,0.9,-0.6,-0.004,2.55
2025-02-17,0.668,0.662,0.668,0.659,1278748,84675511.6,1.35,-0.6,-0.004,2.84
2025-02-18,0.661,0.646,0.661,0.644,1923265,125496976.065,2.57,-2.42,-0.016,4.28
2025-02-19,0.646,0.649,0.649,0.643,1156267,74755306.9,0.93,0.46,0.003,2.57
2025-02-20,0.647,0.649,0.654,0.646,1023702,66556303.7,1.23,0.0,0.0,2.28
2025-02-21,0.649,0.653,0.654,0.646,2250815,146526969.927,1.23,0.62,0.004,5.0
2025-02-24,0.653,0.66,0.66,0.65,1416693,92994205.9,1.53,1.07,0.007,3.15
2025-02-25,0.655,0.654,0.663,0.653,1731204,113972281.3,1.52,-0.91,-0.006,3.85
2025-02-26,0.654,0.657,0.66,0.651,1159033,75834924.8,1.38,0.46,0.003,2.58
2025-02-27,0.658,0.669,0.669,0.655,2338614,155588827.753,2.13,1.83,0.012,5.2
2025-02-28,0.667,0.663,0.673,0.66,1898663,126814562.3,1.94,-0.9,-0.006,4.22
2025-03-03,0.664,0.662,0.671,0.657,2022920,134511714.7,2.11,-0.15,-0.001,4.5
2025-03-04,0.659,0.662,0.662,0.656,1220121,80433352.1,0.91,0.0,0.0,2.71
2025-03-05,0.661,0.664,0.664,0.656,1034439,68260402.0,1.21,0.3,0.002,2.3
2025-03-06,0.665,0.671,0.672,0.662,2067325,138022079.826,1.51,1.05,0.007,4.6
2025-03-07,0.668,0.671,0.674,0.664,1333626,89264935.9,1.49,0.0,0.0,2.97
2025-03-10,0.67,0.669,0.671,0.664,1095000,73025705.9,1.04,-0.3,-0.002,2.43
2025-03-11,0.666,0.675,0.675,0.662,4876340,327119288.0,1.94,0.9,0.006,10.84
2025-03-12,0.677,0.671,0.68,0.669,1540735,103798334.0,1.63,-0.59,-0.004,3.43
2025-03-13,0.669,0.669,0.671,0.664,1397065,93246012.4,1.04,-0.3,-0.002,3.11
2025-03-14,0.67,0.688,0.688,0.67,2922849,198935681.2,2.69,2.84,0.019,6.5
2025-03-17,0.696,0.688,0.698,0.686,3825526,264347718.6,1.74,0.0,0.0,8.51
2025-03-18,0.69,0.688,0.691,0.684,1950919,133945463.3,1.02,0.0,0.0,4.34
2025-03-19,0.687,0.686,0.69,0.683,2405076,165408926.2,1.02,-0.29,-0.002,5.35
2025-03-20,0.685,0.682,0.692,0.68,2848877,195585504.1,1.75,-0.58,-0.004,6.33
2025-03-21,0.68,0.679,0.686,0.673,5485334,373650641.6,1.91,-0.44,-0.003,12.2
2025-03-24,0.681,0.692,0.695,0.68,4142879,285443948.388,2.21,1.91,0.013,9.21
2025-03-25,0.69,0.699,0.701,0.682,3707954,257000738.725,2.75,1.01,0.007,8.24
2025-03-26,0.696,0.702,0.704,0.691,2496885,174315193.428,1.86,0.43,0.003,5.55
2025-03-27,0.702,0.694,0.708,0.693,2389122,166856824.83,2.14,-1.14,-0.008,5.31
2025-03-28,0.691,0.682,0.694,0.681,2876568,197055107.6,1.87,-1.73,-0.012,6.4
2025-03-31,0.679,0.668,0.682,0.665,2232136,150026761.7,2.49,-2.05,-0.014,4.96
2025-04-01,0.666,0.674,0.677,0.665,1648399,111041108.7,1.8,0.9,0.006,3.67
2025-04-02,0.672,0.676,0.679,0.671,1171515,79128514.6,1.19,0.3,0.002,2.6
2025-04-03,0.672,0.686,0.689,0.669,1971335,134559655.0,2.96,1.48,0.01,4.38
2025-04-07,0.666,0.637,0.67,0.625,3995518,259688685.124,6.56,-7.14,-0.049,8.88
2025-04-08,0.639,0.662,0.662,0.639,3285037,214086628.0,3.61,3.92,0.025,7.3
2025-04-09,0.655,0.701,0.703,0.641,4875242,331038795.9,9.37,5.89,0.039,10.84
2025-04-10,0.695,0.711,0.719,0.69,5731929,405399816.434,4.14,1.43,0.01,12.74
2025-04-11,0.705,0.704,0.713,0.698,3264186,230346938.782,2.11,-0.98,-0.007,7.26
2025-04-14,0.702,0.709,0.715,0.701,4938116,349880314.734,1.99,0.71,0.005,10.98
2025-04-15,0.707,0.699,0.707,0.693,2500372,174594859.7,1.97,-1.41,-0.01,5.56
2025-04-16,0.694,0.713,0.713,0.694,3842862,271270585.9,2.72,2.0,0.014,8.54
2025-04-17,0.709,0.721,0.727,0.702,3661951,262647354.795,3.51,1.12,0.008,8.14
2025-04-18,0.72,0.702,0.72,0.697,4668115,328801755.5,3.19,-2.64,-0.019,10.38
2025-04-21,0.693,0.698,0.701,0.692,2699994,188012846.3,1.28,-0.57,-0.004,6.0
2025-04-22,0.697,0.694,0.7,0.685,3522819,243678354.1,2.15,-0.57,-0.004,7.83
2025-04-23,0.693,0.684,0.696,0.682,3290006,226130223.1,2.02,-1.44,-0.01,7.31
2025-04-24,0.684,0.682,0.689,0.679,2471598,168778549.119,1.46,-0.29,-0.002,5.5
2025-04-25,0.681,0.685,0.69,0.677,2501695,171406554.632,1.91,0.44,0.003,5.56
2025-04-28,0.69,0.675,0.691,0.673,5278171,357123450.224,2.63,-1.46,-0.01,11.74
2025-04-29,0.672,0.67,0.675,0.667,2245093,150388751.1,1.19,-0.74,-0.005,4.99
2025-04-30,0.667,0.667,0.67,0.664,2621290,174689529.0,0.9,-0.45,-0.003,5.83
2025-05-06,0.668,0.676,0.676,0.666,3414104,229129195.667,1.5,1.35,0.009,7.59
2025-05-07,0.679,0.672,0.682,0.67,2423998,163565071.5,1.78,-0.59,-0.004,5.39
2025-05-08,0.672,0.672,0.673,0.668,1479155,99333616.056,0.74,0.0,0.0,3.29
2025-05-09,0.672,0.666,0.672,0.665,1709503,114081641.6,1.04,-0.89,-0.006,3.8
2025-05-12,0.668,0.673,0.673,0.664,1983653,132800303.7,1.35,1.05,0.007,4.41
2025-05-13,0.674,0.675,0.677,0.67,1868508,126042991.4,1.04,0.3,0.002,4.15
2025-05-14,0.674,0.675,0.676,0.669,1999305,134384437.6,1.04,0.0,0.0,4.45
2025-05-15,0.674,0.671,0.677,0.67,1455217,97943560.46,1.04,-0.59,-0.004,3.24
2025-05-16,0.671,0.674,0.674,0.667,1464757,98222859.1,1.04,0.45,0.003,3.26
2025-05-19,0.672,0.676,0.677,0.67,1525870,102969057.1,1.04,0.3,0.002,3.39
2025-05-20,0.677,0.681,0.681,0.675,1740613,118093400.7,0.89,0.74,0.005,3.87
2025-05-21,0.68,0.68,0.683,0.677,1329541,90432667.28,0.88,-0.15,-0.001,2.96
2025-05-22,0.679,0.673,0.68,0.673,1577977,106817467.4,1.03,-1.03,-0.007,3.51
2025-05-23,0.674,0.666,0.675,0.666,1555600,104436683.8,1.34,-1.04,-0.007,3.46
2025-05-26,0.666,0.674,0.675,0.666,1100624,73870142.692,1.35,1.2,0.008,2.45
2025-05-27,0.674,0.676,0.678,0.673,1457817,98561160.4,0.74,0.3,0.002,3.24
2025-05-28,0.676,0.678,0.679,0.673,650058,43987003.3,0.89,0.3,0.002,1.45
2025-05-29,0.678,0.678,0.679,0.671,3289579,222819804.3,1.18,0.0,0.0,7.31
2025-05-30,0.678,0.674,0.679,0.673,962897,65030158.1,0.88,-0.59,-0.004,2.14
2025-06-03,0.671,0.676,0.676,0.668,1113017,74825692.644,1.19,0.3,0.002,2.47
2025-06-04,0.675,0.683,0.684,0.671,2058837,139781536.6,1.92,1.04,0.007,4.58
2025-06-05,0.683,0.681,0.686,0.679,1575322,107445812.38,1.02,-0.29,-0.002,3.5
2025-06-06,0.68,0.681,0.682,0.676,1024147,69501562.5,0.88,0.0,0.0,2.28
2025-06-09,0.681,0.685,0.685,0.677,1528572,104147562.3,1.17,0.59,0.004,3.4
2025-06-10,0.685,0.683,0.688,0.677,1677886,114714058.7,1.61,-0.29,-0.002,3.73
2025-06-11,0.684,0.688,0.689,0.682,1439455,98894449.7,1.02,0.73,0.005,3.2
2025-06-12,0.687,0.683,0.687,0.681,1746663,119347661.9,0.87,-0.73,-0.005,3.88
2025-06-13,0.68,0.668,0.68,0.667,1899324,127602341.9,1.9,-2.2,-0.015,4.22
2025-06-16,0.668,0.668,0.668,0.664,1564999,104224385.5,0.6,0.0,0.0,3.48
2025-06-17,0.668,0.668,0.672,0.666,1327615,88807814.2,0.9,0.0,0.0,2.95
2025-06-18,0.666,0.663,0.667,0.661,1289233,85589437.6,0.9,-0.75,-0.005,2.87
2025-06-19,0.662,0.659,0.668,0.658,1536416,101779308.9,1.51,-0.6,-0.004,3.42
2025-06-20,0.659,0.657,0.663,0.657,813231,53653554.3,0.91,-0.3,-0.002,1.81
2025-06-23,0.655,0.657,0.658,0.65,1034706,67697957.5,1.22,0.0,0.0,2.3
2025-06-24,0.66,0.668,0.669,0.66,1479025,98511583.008,1.37,1.67,0.011,3.29
2025-06-25,0.669,0.674,0.674,0.665,1547441,103632762.8,1.35,0.9,0.006,3.44
2025-06-26,0.673,0.678,0.682,0.668,2088647,140941473.7,2.08,0.59,0.004,4.64
2025-06-27,0.676,0.676,0.68,0.673,1996875,135228983.9,1.03,-0.29,-0.002,4.44
2025-06-30,0.675,0.677,0.678,0.674,1252874,84649249.3,0.59,0.15,0.001,2.79
2025-07-01,0.677,0.674,0.679,0.672,1240113,83637091.5,1.03,-0.44,-0.003,2.76
2025-07-02,0.673,0.673,0.676,0.671,1310041,88241282.0,0.74,-0.15,-0.001,2.91
2025-07-03,0.674,0.671,0.675,0.67,1358785,91268283.8,0.74,-0.3,-0.002,3.02
2025-07-04,0.671,0.669,0.673,0.669,1673965,112265465.3,0.6,-0.3,-0.002,3.72
